{
  "Among Us": {
    "precision": 0.9933774834437086,
    "recall": 1.0,
    "f1": 0.9966777408637874,
    "support": 150
  },
  "Apex Legends": {
    "precision": 0.9736842105263158,
    "recall": 0.9866666666666667,
    "f1": 0.9801324503311258,
    "support": 150
  },
  "Fortnite": {
    "precision": 1.0,
    "recall": 0.9733333333333334,
    "f1": 0.9864864864864865,
    "support": 150
  },
  "Forza Horizon": {
    "precision": 0.9931972789115646,
    "recall": 0.9733333333333334,
    "f1": 0.9831649831649831,
    "support": 150
  },
  "Free Fire": {
    "precision": 0.9866666666666667,
    "recall": 0.9866666666666667,
    "f1": 0.9866666666666667,
    "support": 150
  },
  "Genshin Impact": {
    "precision": 0.9802631578947368,
    "recall": 0.9933333333333333,
    "f1": 0.9867549668874173,
    "support": 150
  },
  "God of War": {
    "precision": 1.0,
    "recall": 1.0,
    "f1": 1.0,
    "support": 150
  },
  "Minecraft": {
    "precision": 1.0,
    "recall": 1.0,
    "f1": 1.0,
    "support": 150
  },
  "Roblox": {
    "precision": 0.9803921568627451,
    "recall": 1.0,
    "f1": 0.9900990099009901,
    "support": 150
  },
  "Terraria": {
    "precision": 1.0,
    "recall": 0.9933333333333333,
    "f1": 0.9966555183946488,
    "support": 150
  }
}