{
  "Among Us": {
    "precision": 0.9868421052631579,
    "recall": 1.0,
    "f1": 0.9933774834437086,
    "support": 150
  },
  "Apex Legends": {
    "precision": 0.9673202614379085,
    "recall": 0.9866666666666667,
    "f1": 0.976897689768977,
    "support": 150
  },
  "Fortnite": {
    "precision": 0.9931972789115646,
    "recall": 0.9733333333333334,
    "f1": 0.9831649831649831,
    "support": 150
  },
  "Forza Horizon": {
    "precision": 0.9932432432432432,
    "recall": 0.98,
    "f1": 0.9865771812080537,
    "support": 150
  },
  "Free Fire": {
    "precision": 0.9932885906040269,
    "recall": 0.9866666666666667,
    "f1": 0.9899665551839465,
    "support": 150
  },
  "Genshin Impact": {
    "precision": 0.9933333333333333,
    "recall": 0.9933333333333333,
    "f1": 0.9933333333333333,
    "support": 150
  },
  "God of War": {
    "precision": 0.9933774834437086,
    "recall": 1.0,
    "f1": 0.9966777408637874,
    "support": 150
  },
  "Minecraft": {
    "precision": 1.0,
    "recall": 1.0,
    "f1": 1.0,
    "support": 150
  },
  "Roblox": {
    "precision": 0.9933774834437086,
    "recall": 1.0,
    "f1": 0.9966777408637874,
    "support": 150
  },
  "Terraria": {
    "precision": 1.0,
    "recall": 0.9933333333333333,
    "f1": 0.9966555183946488,
    "support": 150
  }
}