image_path,label
C:\Users\ASUS\Desktop\dersler\Derinogrenme_proje5\FracAtlas\images\Non_fractured\IMG0003828.jpg,0
C:\Users\ASUS\Desktop\dersler\Derinogrenme_proje5\FracAtlas\images\Non_fractured\IMG0000543.jpg,0
C:\Users\ASUS\Desktop\dersler\Derinogrenme_proje5\FracAtlas\images\Non_fractured\IMG0004087.jpg,0
C:\Users\ASUS\Desktop\dersler\Derinogrenme_proje5\FracAtlas\images\Non_fractured\IMG0003590.jpg,0
C:\Users\ASUS\Desktop\dersler\Derinogrenme_proje5\FracAtlas\images\Non_fractured\IMG0001864.jpg,0
C:\Users\ASUS\Desktop\dersler\Derinogrenme_proje5\FracAtlas\images\Non_fractured\IMG0003037.jpg,0
C:\Users\ASUS\Desktop\dersler\Derinogrenme_proje5\FracAtlas\images\Fractured\IMG0003267.jpg,1
C:\Users\ASUS\Desktop\dersler\Derinogrenme_proje5\FracAtlas\images\Non_fractured\IMG0001690.jpg,0
C:\Users\ASUS\Desktop\dersler\Derinogrenme_proje5\FracAtlas\images\Non_fractured\IMG0001728.jpg,0
C:\Users\ASUS\Desktop\dersler\Derinogrenme_proje5\FracAtlas\images\Non_fractured\IMG0004193.jpg,0
C:\Users\ASUS\Desktop\dersler\Derinogrenme_proje5\FracAtlas\images\Non_fractured\IMG0001607.jpg,0
C:\Users\ASUS\Desktop\dersler\Derinogrenme_proje5\FracAtlas\images\Fractured\IMG0002523.jpg,1
C:\Users\ASUS\Desktop\dersler\Derinogrenme_proje5\FracAtlas\images\Non_fractured\IMG0001325.jpg,0
C:\Users\ASUS\Desktop\dersler\Derinogrenme_proje5\FracAtlas\images\Non_fractured\IMG0003867.jpg,0
C:\Users\ASUS\Desktop\dersler\Derinogrenme_proje5\FracAtlas\images\Non_fractured\IMG0001166.jpg,0
C:\Users\ASUS\Desktop\dersler\Derinogrenme_proje5\FracAtlas\images\Fractured\IMG0000479.jpg,1
C:\Users\ASUS\Desktop\dersler\Derinogrenme_proje5\FracAtlas\images\Non_fractured\IMG0000112.jpg,0
C:\Users\ASUS\Desktop\dersler\Derinogrenme_proje5\FracAtlas\images\Non_fractured\IMG0001087.jpg,0
C:\Users\ASUS\Desktop\dersler\Derinogrenme_proje5\FracAtlas\images\Non_fractured\IMG0003284.jpg,0
C:\Users\ASUS\Desktop\dersler\Derinogrenme_proje5\FracAtlas\images\Non_fractured\IMG0002079.jpg,0
C:\Users\ASUS\Desktop\dersler\Derinogrenme_proje5\FracAtlas\images\Non_fractured\IMG0000665.jpg,0
C:\Users\ASUS\Desktop\dersler\Derinogrenme_proje5\FracAtlas\images\Fractured\IMG0003298.jpg,1
C:\Users\ASUS\Desktop\dersler\Derinogrenme_proje5\FracAtlas\images\Non_fractured\IMG0000223.jpg,0
C:\Users\ASUS\Desktop\dersler\Derinogrenme_proje5\FracAtlas\images\Fractured\IMG0003589.jpg,1
C:\Users\ASUS\Desktop\dersler\Derinogrenme_proje5\FracAtlas\images\Non_fractured\IMG0000775.jpg,0
C:\Users\ASUS\Desktop\dersler\Derinogrenme_proje5\FracAtlas\images\Non_fractured\IMG0001064.jpg,0
C:\Users\ASUS\Desktop\dersler\Derinogrenme_proje5\FracAtlas\images\Non_fractured\IMG0001651.jpg,0
C:\Users\ASUS\Desktop\dersler\Derinogrenme_proje5\FracAtlas\images\Non_fractured\IMG0001906.jpg,0
C:\Users\ASUS\Desktop\dersler\Derinogrenme_proje5\FracAtlas\images\Non_fractured\IMG0003418.jpg,0
C:\Users\ASUS\Desktop\dersler\Derinogrenme_proje5\FracAtlas\images\Non_fractured\IMG0001454.jpg,0
C:\Users\ASUS\Desktop\dersler\Derinogrenme_proje5\FracAtlas\images\Non_fractured\IMG0002783.jpg,0
C:\Users\ASUS\Desktop\dersler\Derinogrenme_proje5\FracAtlas\images\Non_fractured\IMG0000789.jpg,0
C:\Users\ASUS\Desktop\dersler\Derinogrenme_proje5\FracAtlas\images\Non_fractured\IMG0003761.jpg,0
C:\Users\ASUS\Desktop\dersler\Derinogrenme_proje5\FracAtlas\images\Non_fractured\IMG0000493.jpg,0
C:\Users\ASUS\Desktop\dersler\Derinogrenme_proje5\FracAtlas\images\Non_fractured\IMG0003322.jpg,0
C:\Users\ASUS\Desktop\dersler\Derinogrenme_proje5\FracAtlas\images\Non_fractured\IMG0000642.jpg,0
C:\Users\ASUS\Desktop\dersler\Derinogrenme_proje5\FracAtlas\images\Non_fractured\IMG0003324.jpg,0
C:\Users\ASUS\Desktop\dersler\Derinogrenme_proje5\FracAtlas\images\Non_fractured\IMG0003829.jpg,0
C:\Users\ASUS\Desktop\dersler\Derinogrenme_proje5\FracAtlas\images\Fractured\IMG0004320.jpg,1
C:\Users\ASUS\Desktop\dersler\Derinogrenme_proje5\FracAtlas\images\Non_fractured\IMG0000979.jpg,0
C:\Users\ASUS\Desktop\dersler\Derinogrenme_proje5\FracAtlas\images\Non_fractured\IMG0003193.jpg,0
C:\Users\ASUS\Desktop\dersler\Derinogrenme_proje5\FracAtlas\images\Fractured\IMG0002488.jpg,1
C:\Users\ASUS\Desktop\dersler\Derinogrenme_proje5\FracAtlas\images\Non_fractured\IMG0001652.jpg,0
C:\Users\ASUS\Desktop\dersler\Derinogrenme_proje5\FracAtlas\images\Non_fractured\IMG0001543.jpg,0
C:\Users\ASUS\Desktop\dersler\Derinogrenme_proje5\FracAtlas\images\Non_fractured\IMG0003553.jpg,0
C:\Users\ASUS\Desktop\dersler\Derinogrenme_proje5\FracAtlas\images\Non_fractured\IMG0000698.jpg,0
C:\Users\ASUS\Desktop\dersler\Derinogrenme_proje5\FracAtlas\images\Non_fractured\IMG0003557.jpg,0
C:\Users\ASUS\Desktop\dersler\Derinogrenme_proje5\FracAtlas\images\Non_fractured\IMG0001257.jpg,0
C:\Users\ASUS\Desktop\dersler\Derinogrenme_proje5\FracAtlas\images\Fractured\IMG0002519.jpg,1
C:\Users\ASUS\Desktop\dersler\Derinogrenme_proje5\FracAtlas\images\Non_fractured\IMG0003662.jpg,0
C:\Users\ASUS\Desktop\dersler\Derinogrenme_proje5\FracAtlas\images\Non_fractured\IMG0002686.jpg,0
C:\Users\ASUS\Desktop\dersler\Derinogrenme_proje5\FracAtlas\images\Non_fractured\IMG0002856.jpg,0
C:\Users\ASUS\Desktop\dersler\Derinogrenme_proje5\FracAtlas\images\Non_fractured\IMG0002633.jpg,0
C:\Users\ASUS\Desktop\dersler\Derinogrenme_proje5\FracAtlas\images\Non_fractured\IMG0001523.jpg,0
C:\Users\ASUS\Desktop\dersler\Derinogrenme_proje5\FracAtlas\images\Non_fractured\IMG0001816.jpg,0
C:\Users\ASUS\Desktop\dersler\Derinogrenme_proje5\FracAtlas\images\Non_fractured\IMG0002022.jpg,0
C:\Users\ASUS\Desktop\dersler\Derinogrenme_proje5\FracAtlas\images\Non_fractured\IMG0003173.jpg,0
C:\Users\ASUS\Desktop\dersler\Derinogrenme_proje5\FracAtlas\images\Non_fractured\IMG0004176.jpg,0
C:\Users\ASUS\Desktop\dersler\Derinogrenme_proje5\FracAtlas\images\Non_fractured\IMG0002758.jpg,0
C:\Users\ASUS\Desktop\dersler\Derinogrenme_proje5\FracAtlas\images\Non_fractured\IMG0001170.jpg,0
C:\Users\ASUS\Desktop\dersler\Derinogrenme_proje5\FracAtlas\images\Non_fractured\IMG0004251.jpg,0
C:\Users\ASUS\Desktop\dersler\Derinogrenme_proje5\FracAtlas\images\Non_fractured\IMG0001951.jpg,0
C:\Users\ASUS\Desktop\dersler\Derinogrenme_proje5\FracAtlas\images\Non_fractured\IMG0003379.jpg,0
C:\Users\ASUS\Desktop\dersler\Derinogrenme_proje5\FracAtlas\images\Non_fractured\IMG0001751.jpg,0
C:\Users\ASUS\Desktop\dersler\Derinogrenme_proje5\FracAtlas\images\Non_fractured\IMG0003435.jpg,0
C:\Users\ASUS\Desktop\dersler\Derinogrenme_proje5\FracAtlas\images\Non_fractured\IMG0002099.jpg,0
C:\Users\ASUS\Desktop\dersler\Derinogrenme_proje5\FracAtlas\images\Fractured\IMG0003201.jpg,1
C:\Users\ASUS\Desktop\dersler\Derinogrenme_proje5\FracAtlas\images\Non_fractured\IMG0002947.jpg,0
C:\Users\ASUS\Desktop\dersler\Derinogrenme_proje5\FracAtlas\images\Non_fractured\IMG0000761.jpg,0
C:\Users\ASUS\Desktop\dersler\Derinogrenme_proje5\FracAtlas\images\Non_fractured\IMG0000966.jpg,0
C:\Users\ASUS\Desktop\dersler\Derinogrenme_proje5\FracAtlas\images\Fractured\IMG0003713.jpg,1
C:\Users\ASUS\Desktop\dersler\Derinogrenme_proje5\FracAtlas\images\Non_fractured\IMG0001385.jpg,0
C:\Users\ASUS\Desktop\dersler\Derinogrenme_proje5\FracAtlas\images\Non_fractured\IMG0000101.jpg,0
C:\Users\ASUS\Desktop\dersler\Derinogrenme_proje5\FracAtlas\images\Fractured\IMG0003519.jpg,1
C:\Users\ASUS\Desktop\dersler\Derinogrenme_proje5\FracAtlas\images\Non_fractured\IMG0000910.jpg,0
C:\Users\ASUS\Desktop\dersler\Derinogrenme_proje5\FracAtlas\images\Non_fractured\IMG0002113.jpg,0
C:\Users\ASUS\Desktop\dersler\Derinogrenme_proje5\FracAtlas\images\Non_fractured\IMG0004273.jpg,0
C:\Users\ASUS\Desktop\dersler\Derinogrenme_proje5\FracAtlas\images\Non_fractured\IMG0000399.jpg,0
C:\Users\ASUS\Desktop\dersler\Derinogrenme_proje5\FracAtlas\images\Non_fractured\IMG0003482.jpg,0
C:\Users\ASUS\Desktop\dersler\Derinogrenme_proje5\FracAtlas\images\Non_fractured\IMG0001399.jpg,0
C:\Users\ASUS\Desktop\dersler\Derinogrenme_proje5\FracAtlas\images\Fractured\IMG0003712.jpg,1
C:\Users\ASUS\Desktop\dersler\Derinogrenme_proje5\FracAtlas\images\Non_fractured\IMG0003535.jpg,0
C:\Users\ASUS\Desktop\dersler\Derinogrenme_proje5\FracAtlas\images\Fractured\IMG0002551.jpg,1
C:\Users\ASUS\Desktop\dersler\Derinogrenme_proje5\FracAtlas\images\Non_fractured\IMG0003574.jpg,0
C:\Users\ASUS\Desktop\dersler\Derinogrenme_proje5\FracAtlas\images\Fractured\IMG0003458.jpg,1
C:\Users\ASUS\Desktop\dersler\Derinogrenme_proje5\FracAtlas\images\Non_fractured\IMG0001190.jpg,0
C:\Users\ASUS\Desktop\dersler\Derinogrenme_proje5\FracAtlas\images\Non_fractured\IMG0001430.jpg,0
C:\Users\ASUS\Desktop\dersler\Derinogrenme_proje5\FracAtlas\images\Non_fractured\IMG0003845.jpg,0
C:\Users\ASUS\Desktop\dersler\Derinogrenme_proje5\FracAtlas\images\Non_fractured\IMG0001550.jpg,0
C:\Users\ASUS\Desktop\dersler\Derinogrenme_proje5\FracAtlas\images\Non_fractured\IMG0003161.jpg,0
C:\Users\ASUS\Desktop\dersler\Derinogrenme_proje5\FracAtlas\images\Non_fractured\IMG0004016.jpg,0
C:\Users\ASUS\Desktop\dersler\Derinogrenme_proje5\FracAtlas\images\Non_fractured\IMG0002182.jpg,0
C:\Users\ASUS\Desktop\dersler\Derinogrenme_proje5\FracAtlas\images\Non_fractured\IMG0002772.jpg,0
C:\Users\ASUS\Desktop\dersler\Derinogrenme_proje5\FracAtlas\images\Non_fractured\IMG0001557.jpg,0
C:\Users\ASUS\Desktop\dersler\Derinogrenme_proje5\FracAtlas\images\Non_fractured\IMG0001973.jpg,0
C:\Users\ASUS\Desktop\dersler\Derinogrenme_proje5\FracAtlas\images\Fractured\IMG0003704.jpg,1
C:\Users\ASUS\Desktop\dersler\Derinogrenme_proje5\FracAtlas\images\Non_fractured\IMG0000258.jpg,0
C:\Users\ASUS\Desktop\dersler\Derinogrenme_proje5\FracAtlas\images\Non_fractured\IMG0003143.jpg,0
C:\Users\ASUS\Desktop\dersler\Derinogrenme_proje5\FracAtlas\images\Non_fractured\IMG0003348.jpg,0
C:\Users\ASUS\Desktop\dersler\Derinogrenme_proje5\FracAtlas\images\Non_fractured\IMG0001106.jpg,0
C:\Users\ASUS\Desktop\dersler\Derinogrenme_proje5\FracAtlas\images\Non_fractured\IMG0002872.jpg,0
C:\Users\ASUS\Desktop\dersler\Derinogrenme_proje5\FracAtlas\images\Non_fractured\IMG0000728.jpg,0
C:\Users\ASUS\Desktop\dersler\Derinogrenme_proje5\FracAtlas\images\Non_fractured\IMG0003563.jpg,0
C:\Users\ASUS\Desktop\dersler\Derinogrenme_proje5\FracAtlas\images\Non_fractured\IMG0001621.jpg,0
C:\Users\ASUS\Desktop\dersler\Derinogrenme_proje5\FracAtlas\images\Non_fractured\IMG0001485.jpg,0
C:\Users\ASUS\Desktop\dersler\Derinogrenme_proje5\FracAtlas\images\Non_fractured\IMG0003417.jpg,0
C:\Users\ASUS\Desktop\dersler\Derinogrenme_proje5\FracAtlas\images\Non_fractured\IMG0001535.jpg,0
C:\Users\ASUS\Desktop\dersler\Derinogrenme_proje5\FracAtlas\images\Non_fractured\IMG0000573.jpg,0
C:\Users\ASUS\Desktop\dersler\Derinogrenme_proje5\FracAtlas\images\Non_fractured\IMG0000774.jpg,0
C:\Users\ASUS\Desktop\dersler\Derinogrenme_proje5\FracAtlas\images\Non_fractured\IMG0002693.jpg,0
C:\Users\ASUS\Desktop\dersler\Derinogrenme_proje5\FracAtlas\images\Non_fractured\IMG0003330.jpg,0
C:\Users\ASUS\Desktop\dersler\Derinogrenme_proje5\FracAtlas\images\Fractured\IMG0000750.jpg,1
C:\Users\ASUS\Desktop\dersler\Derinogrenme_proje5\FracAtlas\images\Non_fractured\IMG0003160.jpg,0
C:\Users\ASUS\Desktop\dersler\Derinogrenme_proje5\FracAtlas\images\Non_fractured\IMG0002025.jpg,0
C:\Users\ASUS\Desktop\dersler\Derinogrenme_proje5\FracAtlas\images\Non_fractured\IMG0002043.jpg,0
C:\Users\ASUS\Desktop\dersler\Derinogrenme_proje5\FracAtlas\images\Non_fractured\IMG0000314.jpg,0
C:\Users\ASUS\Desktop\dersler\Derinogrenme_proje5\FracAtlas\images\Non_fractured\IMG0000813.jpg,0
C:\Users\ASUS\Desktop\dersler\Derinogrenme_proje5\FracAtlas\images\Non_fractured\IMG0002955.jpg,0
C:\Users\ASUS\Desktop\dersler\Derinogrenme_proje5\FracAtlas\images\Non_fractured\IMG0004170.jpg,0
C:\Users\ASUS\Desktop\dersler\Derinogrenme_proje5\FracAtlas\images\Fractured\IMG0001428.jpg,1
C:\Users\ASUS\Desktop\dersler\Derinogrenme_proje5\FracAtlas\images\Non_fractured\IMG0002754.jpg,0
C:\Users\ASUS\Desktop\dersler\Derinogrenme_proje5\FracAtlas\images\Fractured\IMG0002518.jpg,1
C:\Users\ASUS\Desktop\dersler\Derinogrenme_proje5\FracAtlas\images\Fractured\IMG0004217.jpg,1
C:\Users\ASUS\Desktop\dersler\Derinogrenme_proje5\FracAtlas\images\Non_fractured\IMG0000281.jpg,0
C:\Users\ASUS\Desktop\dersler\Derinogrenme_proje5\FracAtlas\images\Non_fractured\IMG0002910.jpg,0
C:\Users\ASUS\Desktop\dersler\Derinogrenme_proje5\FracAtlas\images\Non_fractured\IMG0000771.jpg,0
C:\Users\ASUS\Desktop\dersler\Derinogrenme_proje5\FracAtlas\images\Fractured\IMG0003653.jpg,1
C:\Users\ASUS\Desktop\dersler\Derinogrenme_proje5\FracAtlas\images\Non_fractured\IMG0000709.jpg,0
C:\Users\ASUS\Desktop\dersler\Derinogrenme_proje5\FracAtlas\images\Non_fractured\IMG0002974.jpg,0
C:\Users\ASUS\Desktop\dersler\Derinogrenme_proje5\FracAtlas\images\Non_fractured\IMG0003144.jpg,0
C:\Users\ASUS\Desktop\dersler\Derinogrenme_proje5\FracAtlas\images\Non_fractured\IMG0001807.jpg,0
C:\Users\ASUS\Desktop\dersler\Derinogrenme_proje5\FracAtlas\images\Non_fractured\IMG0003800.jpg,0
C:\Users\ASUS\Desktop\dersler\Derinogrenme_proje5\FracAtlas\images\Non_fractured\IMG0001319.jpg,0
C:\Users\ASUS\Desktop\dersler\Derinogrenme_proje5\FracAtlas\images\Non_fractured\IMG0000651.jpg,0
C:\Users\ASUS\Desktop\dersler\Derinogrenme_proje5\FracAtlas\images\Fractured\IMG0003654.jpg,1
C:\Users\ASUS\Desktop\dersler\Derinogrenme_proje5\FracAtlas\images\Non_fractured\IMG0001047.jpg,0
C:\Users\ASUS\Desktop\dersler\Derinogrenme_proje5\FracAtlas\images\Non_fractured\IMG0000183.jpg,0
C:\Users\ASUS\Desktop\dersler\Derinogrenme_proje5\FracAtlas\images\Fractured\IMG0003819.jpg,1
C:\Users\ASUS\Desktop\dersler\Derinogrenme_proje5\FracAtlas\images\Fractured\IMG0001362.jpg,1
C:\Users\ASUS\Desktop\dersler\Derinogrenme_proje5\FracAtlas\images\Non_fractured\IMG0001743.jpg,0
C:\Users\ASUS\Desktop\dersler\Derinogrenme_proje5\FracAtlas\images\Non_fractured\IMG0000462.jpg,0
C:\Users\ASUS\Desktop\dersler\Derinogrenme_proje5\FracAtlas\images\Non_fractured\IMG0000051.jpg,0
C:\Users\ASUS\Desktop\dersler\Derinogrenme_proje5\FracAtlas\images\Non_fractured\IMG0003504.jpg,0
C:\Users\ASUS\Desktop\dersler\Derinogrenme_proje5\FracAtlas\images\Fractured\IMG0002302.jpg,1
C:\Users\ASUS\Desktop\dersler\Derinogrenme_proje5\FracAtlas\images\Non_fractured\IMG0003991.jpg,0
C:\Users\ASUS\Desktop\dersler\Derinogrenme_proje5\FracAtlas\images\Non_fractured\IMG0000656.jpg,0
C:\Users\ASUS\Desktop\dersler\Derinogrenme_proje5\FracAtlas\images\Non_fractured\IMG0002179.jpg,0
C:\Users\ASUS\Desktop\dersler\Derinogrenme_proje5\FracAtlas\images\Non_fractured\IMG0001155.jpg,0
C:\Users\ASUS\Desktop\dersler\Derinogrenme_proje5\FracAtlas\images\Fractured\IMG0002484.jpg,1
C:\Users\ASUS\Desktop\dersler\Derinogrenme_proje5\FracAtlas\images\Non_fractured\IMG0000359.jpg,0
C:\Users\ASUS\Desktop\dersler\Derinogrenme_proje5\FracAtlas\images\Non_fractured\IMG0000821.jpg,0
C:\Users\ASUS\Desktop\dersler\Derinogrenme_proje5\FracAtlas\images\Fractured\IMG0004187.jpg,1
C:\Users\ASUS\Desktop\dersler\Derinogrenme_proje5\FracAtlas\images\Non_fractured\IMG0001932.jpg,0
C:\Users\ASUS\Desktop\dersler\Derinogrenme_proje5\FracAtlas\images\Fractured\IMG0003331.jpg,1
C:\Users\ASUS\Desktop\dersler\Derinogrenme_proje5\FracAtlas\images\Non_fractured\IMG0003356.jpg,0
C:\Users\ASUS\Desktop\dersler\Derinogrenme_proje5\FracAtlas\images\Non_fractured\IMG0002101.jpg,0
C:\Users\ASUS\Desktop\dersler\Derinogrenme_proje5\FracAtlas\images\Non_fractured\IMG0003622.jpg,0
C:\Users\ASUS\Desktop\dersler\Derinogrenme_proje5\FracAtlas\images\Fractured\IMG0001867.jpg,1
C:\Users\ASUS\Desktop\dersler\Derinogrenme_proje5\FracAtlas\images\Non_fractured\IMG0002878.jpg,0
C:\Users\ASUS\Desktop\dersler\Derinogrenme_proje5\FracAtlas\images\Non_fractured\IMG0001394.jpg,0
C:\Users\ASUS\Desktop\dersler\Derinogrenme_proje5\FracAtlas\images\Non_fractured\IMG0000182.jpg,0
C:\Users\ASUS\Desktop\dersler\Derinogrenme_proje5\FracAtlas\images\Fractured\IMG0000453.jpg,1
C:\Users\ASUS\Desktop\dersler\Derinogrenme_proje5\FracAtlas\images\Non_fractured\IMG0002823.jpg,0
C:\Users\ASUS\Desktop\dersler\Derinogrenme_proje5\FracAtlas\images\Non_fractured\IMG0000210.jpg,0
C:\Users\ASUS\Desktop\dersler\Derinogrenme_proje5\FracAtlas\images\Non_fractured\IMG0002961.jpg,0
C:\Users\ASUS\Desktop\dersler\Derinogrenme_proje5\FracAtlas\images\Fractured\IMG0002388.jpg,1
C:\Users\ASUS\Desktop\dersler\Derinogrenme_proje5\FracAtlas\images\Fractured\IMG0003509.jpg,1
C:\Users\ASUS\Desktop\dersler\Derinogrenme_proje5\FracAtlas\images\Non_fractured\IMG0000924.jpg,0
C:\Users\ASUS\Desktop\dersler\Derinogrenme_proje5\FracAtlas\images\Non_fractured\IMG0004122.jpg,0
C:\Users\ASUS\Desktop\dersler\Derinogrenme_proje5\FracAtlas\images\Non_fractured\IMG0003367.jpg,0
C:\Users\ASUS\Desktop\dersler\Derinogrenme_proje5\FracAtlas\images\Fractured\IMG0002330.jpg,1
C:\Users\ASUS\Desktop\dersler\Derinogrenme_proje5\FracAtlas\images\Fractured\IMG0003266.jpg,1
C:\Users\ASUS\Desktop\dersler\Derinogrenme_proje5\FracAtlas\images\Fractured\IMG0002313.jpg,1
C:\Users\ASUS\Desktop\dersler\Derinogrenme_proje5\FracAtlas\images\Fractured\IMG0004375.jpg,1
C:\Users\ASUS\Desktop\dersler\Derinogrenme_proje5\FracAtlas\images\Non_fractured\IMG0002169.jpg,0
C:\Users\ASUS\Desktop\dersler\Derinogrenme_proje5\FracAtlas\images\Fractured\IMG0001640.jpg,1
C:\Users\ASUS\Desktop\dersler\Derinogrenme_proje5\FracAtlas\images\Fractured\IMG0002510.jpg,1
C:\Users\ASUS\Desktop\dersler\Derinogrenme_proje5\FracAtlas\images\Fractured\IMG0002514.jpg,1
C:\Users\ASUS\Desktop\dersler\Derinogrenme_proje5\FracAtlas\images\Fractured\IMG0002544.jpg,1
C:\Users\ASUS\Desktop\dersler\Derinogrenme_proje5\FracAtlas\images\Non_fractured\IMG0001562.jpg,0
C:\Users\ASUS\Desktop\dersler\Derinogrenme_proje5\FracAtlas\images\Non_fractured\IMG0000996.jpg,0
C:\Users\ASUS\Desktop\dersler\Derinogrenme_proje5\FracAtlas\images\Non_fractured\IMG0004121.jpg,0
C:\Users\ASUS\Desktop\dersler\Derinogrenme_proje5\FracAtlas\images\Non_fractured\IMG0000785.jpg,0
C:\Users\ASUS\Desktop\dersler\Derinogrenme_proje5\FracAtlas\images\Non_fractured\IMG0000747.jpg,0
C:\Users\ASUS\Desktop\dersler\Derinogrenme_proje5\FracAtlas\images\Non_fractured\IMG0003251.jpg,0
C:\Users\ASUS\Desktop\dersler\Derinogrenme_proje5\FracAtlas\images\Non_fractured\IMG0003089.jpg,0
C:\Users\ASUS\Desktop\dersler\Derinogrenme_proje5\FracAtlas\images\Non_fractured\IMG0000523.jpg,0
C:\Users\ASUS\Desktop\dersler\Derinogrenme_proje5\FracAtlas\images\Non_fractured\IMG0003744.jpg,0
C:\Users\ASUS\Desktop\dersler\Derinogrenme_proje5\FracAtlas\images\Non_fractured\IMG0000565.jpg,0
C:\Users\ASUS\Desktop\dersler\Derinogrenme_proje5\FracAtlas\images\Non_fractured\IMG0001388.jpg,0
C:\Users\ASUS\Desktop\dersler\Derinogrenme_proje5\FracAtlas\images\Non_fractured\IMG0002766.jpg,0
C:\Users\ASUS\Desktop\dersler\Derinogrenme_proje5\FracAtlas\images\Non_fractured\IMG0003283.jpg,0
C:\Users\ASUS\Desktop\dersler\Derinogrenme_proje5\FracAtlas\images\Non_fractured\IMG0001369.jpg,0
C:\Users\ASUS\Desktop\dersler\Derinogrenme_proje5\FracAtlas\images\Fractured\IMG0002390.jpg,1
C:\Users\ASUS\Desktop\dersler\Derinogrenme_proje5\FracAtlas\images\Non_fractured\IMG0001035.jpg,0
C:\Users\ASUS\Desktop\dersler\Derinogrenme_proje5\FracAtlas\images\Non_fractured\IMG0000413.jpg,0
C:\Users\ASUS\Desktop\dersler\Derinogrenme_proje5\FracAtlas\images\Non_fractured\IMG0002071.jpg,0
C:\Users\ASUS\Desktop\dersler\Derinogrenme_proje5\FracAtlas\images\Non_fractured\IMG0001189.jpg,0
C:\Users\ASUS\Desktop\dersler\Derinogrenme_proje5\FracAtlas\images\Fractured\IMG0002600.jpg,1
C:\Users\ASUS\Desktop\dersler\Derinogrenme_proje5\FracAtlas\images\Non_fractured\IMG0003550.jpg,0
C:\Users\ASUS\Desktop\dersler\Derinogrenme_proje5\FracAtlas\images\Non_fractured\IMG0000232.jpg,0
C:\Users\ASUS\Desktop\dersler\Derinogrenme_proje5\FracAtlas\images\Non_fractured\IMG0003009.jpg,0
C:\Users\ASUS\Desktop\dersler\Derinogrenme_proje5\FracAtlas\images\Non_fractured\IMG0001346.jpg,0
C:\Users\ASUS\Desktop\dersler\Derinogrenme_proje5\FracAtlas\images\Non_fractured\IMG0000969.jpg,0
C:\Users\ASUS\Desktop\dersler\Derinogrenme_proje5\FracAtlas\images\Non_fractured\IMG0003063.jpg,0
C:\Users\ASUS\Desktop\dersler\Derinogrenme_proje5\FracAtlas\images\Non_fractured\IMG0001313.jpg,0
C:\Users\ASUS\Desktop\dersler\Derinogrenme_proje5\FracAtlas\images\Non_fractured\IMG0003911.jpg,0
C:\Users\ASUS\Desktop\dersler\Derinogrenme_proje5\FracAtlas\images\Fractured\IMG0002417.jpg,1
C:\Users\ASUS\Desktop\dersler\Derinogrenme_proje5\FracAtlas\images\Fractured\IMG0003254.jpg,1
C:\Users\ASUS\Desktop\dersler\Derinogrenme_proje5\FracAtlas\images\Fractured\IMG0000844.jpg,1
C:\Users\ASUS\Desktop\dersler\Derinogrenme_proje5\FracAtlas\images\Non_fractured\IMG0004178.jpg,0
C:\Users\ASUS\Desktop\dersler\Derinogrenme_proje5\FracAtlas\images\Non_fractured\IMG0000574.jpg,0
C:\Users\ASUS\Desktop\dersler\Derinogrenme_proje5\FracAtlas\images\Non_fractured\IMG0003868.jpg,0
C:\Users\ASUS\Desktop\dersler\Derinogrenme_proje5\FracAtlas\images\Non_fractured\IMG0003353.jpg,0
C:\Users\ASUS\Desktop\dersler\Derinogrenme_proje5\FracAtlas\images\Non_fractured\IMG0001036.jpg,0
C:\Users\ASUS\Desktop\dersler\Derinogrenme_proje5\FracAtlas\images\Non_fractured\IMG0000018.jpg,0
C:\Users\ASUS\Desktop\dersler\Derinogrenme_proje5\FracAtlas\images\Non_fractured\IMG0002294.jpg,0
C:\Users\ASUS\Desktop\dersler\Derinogrenme_proje5\FracAtlas\images\Non_fractured\IMG0004258.jpg,0
C:\Users\ASUS\Desktop\dersler\Derinogrenme_proje5\FracAtlas\images\Non_fractured\IMG0004225.jpg,0
C:\Users\ASUS\Desktop\dersler\Derinogrenme_proje5\FracAtlas\images\Non_fractured\IMG0000903.jpg,0
C:\Users\ASUS\Desktop\dersler\Derinogrenme_proje5\FracAtlas\images\Non_fractured\IMG0003873.jpg,0
C:\Users\ASUS\Desktop\dersler\Derinogrenme_proje5\FracAtlas\images\Non_fractured\IMG0001623.jpg,0
C:\Users\ASUS\Desktop\dersler\Derinogrenme_proje5\FracAtlas\images\Non_fractured\IMG0000387.jpg,0
C:\Users\ASUS\Desktop\dersler\Derinogrenme_proje5\FracAtlas\images\Fractured\IMG0002579.jpg,1
C:\Users\ASUS\Desktop\dersler\Derinogrenme_proje5\FracAtlas\images\Non_fractured\IMG0001232.jpg,0
C:\Users\ASUS\Desktop\dersler\Derinogrenme_proje5\FracAtlas\images\Non_fractured\IMG0003206.jpg,0
C:\Users\ASUS\Desktop\dersler\Derinogrenme_proje5\FracAtlas\images\Fractured\IMG0002628.jpg,1
C:\Users\ASUS\Desktop\dersler\Derinogrenme_proje5\FracAtlas\images\Non_fractured\IMG0000535.jpg,0
C:\Users\ASUS\Desktop\dersler\Derinogrenme_proje5\FracAtlas\images\Non_fractured\IMG0000552.jpg,0
C:\Users\ASUS\Desktop\dersler\Derinogrenme_proje5\FracAtlas\images\Non_fractured\IMG0003866.jpg,0
C:\Users\ASUS\Desktop\dersler\Derinogrenme_proje5\FracAtlas\images\Non_fractured\IMG0001592.jpg,0
C:\Users\ASUS\Desktop\dersler\Derinogrenme_proje5\FracAtlas\images\Non_fractured\IMG0000916.jpg,0
C:\Users\ASUS\Desktop\dersler\Derinogrenme_proje5\FracAtlas\images\Non_fractured\IMG0003069.jpg,0
C:\Users\ASUS\Desktop\dersler\Derinogrenme_proje5\FracAtlas\images\Fractured\IMG0002750.jpg,1
C:\Users\ASUS\Desktop\dersler\Derinogrenme_proje5\FracAtlas\images\Non_fractured\IMG0001093.jpg,0
C:\Users\ASUS\Desktop\dersler\Derinogrenme_proje5\FracAtlas\images\Non_fractured\IMG0000052.jpg,0
C:\Users\ASUS\Desktop\dersler\Derinogrenme_proje5\FracAtlas\images\Non_fractured\IMG0000420.jpg,0
C:\Users\ASUS\Desktop\dersler\Derinogrenme_proje5\FracAtlas\images\Non_fractured\IMG0002827.jpg,0
C:\Users\ASUS\Desktop\dersler\Derinogrenme_proje5\FracAtlas\images\Non_fractured\IMG0002736.jpg,0
C:\Users\ASUS\Desktop\dersler\Derinogrenme_proje5\FracAtlas\images\Non_fractured\IMG0003156.jpg,0
C:\Users\ASUS\Desktop\dersler\Derinogrenme_proje5\FracAtlas\images\Non_fractured\IMG0001911.jpg,0
C:\Users\ASUS\Desktop\dersler\Derinogrenme_proje5\FracAtlas\images\Non_fractured\IMG0004138.jpg,0
C:\Users\ASUS\Desktop\dersler\Derinogrenme_proje5\FracAtlas\images\Non_fractured\IMG0003478.jpg,0
C:\Users\ASUS\Desktop\dersler\Derinogrenme_proje5\FracAtlas\images\Fractured\IMG0002596.jpg,1
C:\Users\ASUS\Desktop\dersler\Derinogrenme_proje5\FracAtlas\images\Non_fractured\IMG0004098.jpg,0
C:\Users\ASUS\Desktop\dersler\Derinogrenme_proje5\FracAtlas\images\Non_fractured\IMG0003960.jpg,0
C:\Users\ASUS\Desktop\dersler\Derinogrenme_proje5\FracAtlas\images\Non_fractured\IMG0003705.jpg,0
C:\Users\ASUS\Desktop\dersler\Derinogrenme_proje5\FracAtlas\images\Non_fractured\IMG0002282.jpg,0
C:\Users\ASUS\Desktop\dersler\Derinogrenme_proje5\FracAtlas\images\Non_fractured\IMG0003600.jpg,0
C:\Users\ASUS\Desktop\dersler\Derinogrenme_proje5\FracAtlas\images\Non_fractured\IMG0000358.jpg,0
C:\Users\ASUS\Desktop\dersler\Derinogrenme_proje5\FracAtlas\images\Non_fractured\IMG0000256.jpg,0
C:\Users\ASUS\Desktop\dersler\Derinogrenme_proje5\FracAtlas\images\Non_fractured\IMG0001660.jpg,0
C:\Users\ASUS\Desktop\dersler\Derinogrenme_proje5\FracAtlas\images\Non_fractured\IMG0003400.jpg,0
C:\Users\ASUS\Desktop\dersler\Derinogrenme_proje5\FracAtlas\images\Non_fractured\IMG0002637.jpg,0
C:\Users\ASUS\Desktop\dersler\Derinogrenme_proje5\FracAtlas\images\Fractured\IMG0002768.jpg,1
C:\Users\ASUS\Desktop\dersler\Derinogrenme_proje5\FracAtlas\images\Fractured\IMG0000143.jpg,1
C:\Users\ASUS\Desktop\dersler\Derinogrenme_proje5\FracAtlas\images\Non_fractured\IMG0000461.jpg,0
C:\Users\ASUS\Desktop\dersler\Derinogrenme_proje5\FracAtlas\images\Non_fractured\IMG0002120.jpg,0
C:\Users\ASUS\Desktop\dersler\Derinogrenme_proje5\FracAtlas\images\Non_fractured\IMG0000063.jpg,0
C:\Users\ASUS\Desktop\dersler\Derinogrenme_proje5\FracAtlas\images\Non_fractured\IMG0000291.jpg,0
C:\Users\ASUS\Desktop\dersler\Derinogrenme_proje5\FracAtlas\images\Non_fractured\IMG0003526.jpg,0
C:\Users\ASUS\Desktop\dersler\Derinogrenme_proje5\FracAtlas\images\Non_fractured\IMG0001139.jpg,0
C:\Users\ASUS\Desktop\dersler\Derinogrenme_proje5\FracAtlas\images\Non_fractured\IMG0001852.jpg,0
C:\Users\ASUS\Desktop\dersler\Derinogrenme_proje5\FracAtlas\images\Non_fractured\IMG0000806.jpg,0
C:\Users\ASUS\Desktop\dersler\Derinogrenme_proje5\FracAtlas\images\Fractured\IMG0001363.jpg,1
C:\Users\ASUS\Desktop\dersler\Derinogrenme_proje5\FracAtlas\images\Fractured\IMG0004117.jpg,1
C:\Users\ASUS\Desktop\dersler\Derinogrenme_proje5\FracAtlas\images\Non_fractured\IMG0001172.jpg,0
C:\Users\ASUS\Desktop\dersler\Derinogrenme_proje5\FracAtlas\images\Non_fractured\IMG0000796.jpg,0
C:\Users\ASUS\Desktop\dersler\Derinogrenme_proje5\FracAtlas\images\Non_fractured\IMG0000834.jpg,0
C:\Users\ASUS\Desktop\dersler\Derinogrenme_proje5\FracAtlas\images\Non_fractured\IMG0001209.jpg,0
C:\Users\ASUS\Desktop\dersler\Derinogrenme_proje5\FracAtlas\images\Non_fractured\IMG0002925.jpg,0
C:\Users\ASUS\Desktop\dersler\Derinogrenme_proje5\FracAtlas\images\Non_fractured\IMG0000527.jpg,0
C:\Users\ASUS\Desktop\dersler\Derinogrenme_proje5\FracAtlas\images\Non_fractured\IMG0000042.jpg,0
C:\Users\ASUS\Desktop\dersler\Derinogrenme_proje5\FracAtlas\images\Fractured\IMG0000470.jpg,1
C:\Users\ASUS\Desktop\dersler\Derinogrenme_proje5\FracAtlas\images\Non_fractured\IMG0001718.jpg,0
C:\Users\ASUS\Desktop\dersler\Derinogrenme_proje5\FracAtlas\images\Non_fractured\IMG0001630.jpg,0
C:\Users\ASUS\Desktop\dersler\Derinogrenme_proje5\FracAtlas\images\Non_fractured\IMG0001247.jpg,0
C:\Users\ASUS\Desktop\dersler\Derinogrenme_proje5\FracAtlas\images\Non_fractured\IMG0003764.jpg,0
C:\Users\ASUS\Desktop\dersler\Derinogrenme_proje5\FracAtlas\images\Non_fractured\IMG0001484.jpg,0
C:\Users\ASUS\Desktop\dersler\Derinogrenme_proje5\FracAtlas\images\Non_fractured\IMG0002966.jpg,0
C:\Users\ASUS\Desktop\dersler\Derinogrenme_proje5\FracAtlas\images\Non_fractured\IMG0002031.jpg,0
C:\Users\ASUS\Desktop\dersler\Derinogrenme_proje5\FracAtlas\images\Non_fractured\IMG0003158.jpg,0
C:\Users\ASUS\Desktop\dersler\Derinogrenme_proje5\FracAtlas\images\Non_fractured\IMG0003836.jpg,0
C:\Users\ASUS\Desktop\dersler\Derinogrenme_proje5\FracAtlas\images\Non_fractured\IMG0004260.jpg,0
C:\Users\ASUS\Desktop\dersler\Derinogrenme_proje5\FracAtlas\images\Non_fractured\IMG0001323.jpg,0
C:\Users\ASUS\Desktop\dersler\Derinogrenme_proje5\FracAtlas\images\Non_fractured\IMG0001890.jpg,0
C:\Users\ASUS\Desktop\dersler\Derinogrenme_proje5\FracAtlas\images\Non_fractured\IMG0001180.jpg,0
C:\Users\ASUS\Desktop\dersler\Derinogrenme_proje5\FracAtlas\images\Non_fractured\IMG0000713.jpg,0
C:\Users\ASUS\Desktop\dersler\Derinogrenme_proje5\FracAtlas\images\Non_fractured\IMG0000784.jpg,0
C:\Users\ASUS\Desktop\dersler\Derinogrenme_proje5\FracAtlas\images\Fractured\IMG0003146.jpg,1
C:\Users\ASUS\Desktop\dersler\Derinogrenme_proje5\FracAtlas\images\Non_fractured\IMG0003916.jpg,0
C:\Users\ASUS\Desktop\dersler\Derinogrenme_proje5\FracAtlas\images\Fractured\IMG0004113.jpg,1
C:\Users\ASUS\Desktop\dersler\Derinogrenme_proje5\FracAtlas\images\Non_fractured\IMG0001533.jpg,0
C:\Users\ASUS\Desktop\dersler\Derinogrenme_proje5\FracAtlas\images\Non_fractured\IMG0000660.jpg,0
C:\Users\ASUS\Desktop\dersler\Derinogrenme_proje5\FracAtlas\images\Non_fractured\IMG0002773.jpg,0
C:\Users\ASUS\Desktop\dersler\Derinogrenme_proje5\FracAtlas\images\Fractured\IMG0002532.jpg,1
C:\Users\ASUS\Desktop\dersler\Derinogrenme_proje5\FracAtlas\images\Non_fractured\IMG0002748.jpg,0
C:\Users\ASUS\Desktop\dersler\Derinogrenme_proje5\FracAtlas\images\Non_fractured\IMG0000712.jpg,0
C:\Users\ASUS\Desktop\dersler\Derinogrenme_proje5\FracAtlas\images\Non_fractured\IMG0004059.jpg,0
C:\Users\ASUS\Desktop\dersler\Derinogrenme_proje5\FracAtlas\images\Non_fractured\IMG0000087.jpg,0
C:\Users\ASUS\Desktop\dersler\Derinogrenme_proje5\FracAtlas\images\Non_fractured\IMG0000376.jpg,0
C:\Users\ASUS\Desktop\dersler\Derinogrenme_proje5\FracAtlas\images\Non_fractured\IMG0003314.jpg,0
C:\Users\ASUS\Desktop\dersler\Derinogrenme_proje5\FracAtlas\images\Non_fractured\IMG0002199.jpg,0
C:\Users\ASUS\Desktop\dersler\Derinogrenme_proje5\FracAtlas\images\Fractured\IMG0002587.jpg,1
C:\Users\ASUS\Desktop\dersler\Derinogrenme_proje5\FracAtlas\images\Fractured\IMG0002840.jpg,1
C:\Users\ASUS\Desktop\dersler\Derinogrenme_proje5\FracAtlas\images\Non_fractured\IMG0000680.jpg,0
C:\Users\ASUS\Desktop\dersler\Derinogrenme_proje5\FracAtlas\images\Non_fractured\IMG0002247.jpg,0
C:\Users\ASUS\Desktop\dersler\Derinogrenme_proje5\FracAtlas\images\Non_fractured\IMG0002289.jpg,0
C:\Users\ASUS\Desktop\dersler\Derinogrenme_proje5\FracAtlas\images\Fractured\IMG0001411.jpg,1
C:\Users\ASUS\Desktop\dersler\Derinogrenme_proje5\FracAtlas\images\Non_fractured\IMG0003782.jpg,0
C:\Users\ASUS\Desktop\dersler\Derinogrenme_proje5\FracAtlas\images\Fractured\IMG0002904.jpg,1
C:\Users\ASUS\Desktop\dersler\Derinogrenme_proje5\FracAtlas\images\Fractured\IMG0002366.jpg,1
C:\Users\ASUS\Desktop\dersler\Derinogrenme_proje5\FracAtlas\images\Non_fractured\IMG0002235.jpg,0
C:\Users\ASUS\Desktop\dersler\Derinogrenme_proje5\FracAtlas\images\Non_fractured\IMG0001925.jpg,0
C:\Users\ASUS\Desktop\dersler\Derinogrenme_proje5\FracAtlas\images\Non_fractured\IMG0002915.jpg,0
C:\Users\ASUS\Desktop\dersler\Derinogrenme_proje5\FracAtlas\images\Non_fractured\IMG0001422.jpg,0
C:\Users\ASUS\Desktop\dersler\Derinogrenme_proje5\FracAtlas\images\Non_fractured\IMG0001277.jpg,0
C:\Users\ASUS\Desktop\dersler\Derinogrenme_proje5\FracAtlas\images\Non_fractured\IMG0002065.jpg,0
C:\Users\ASUS\Desktop\dersler\Derinogrenme_proje5\FracAtlas\images\Non_fractured\IMG0002927.jpg,0
C:\Users\ASUS\Desktop\dersler\Derinogrenme_proje5\FracAtlas\images\Non_fractured\IMG0002060.jpg,0
C:\Users\ASUS\Desktop\dersler\Derinogrenme_proje5\FracAtlas\images\Non_fractured\IMG0000707.jpg,0
C:\Users\ASUS\Desktop\dersler\Derinogrenme_proje5\FracAtlas\images\Non_fractured\IMG0001015.jpg,0
C:\Users\ASUS\Desktop\dersler\Derinogrenme_proje5\FracAtlas\images\Non_fractured\IMG0000397.jpg,0
C:\Users\ASUS\Desktop\dersler\Derinogrenme_proje5\FracAtlas\images\Non_fractured\IMG0003030.jpg,0
C:\Users\ASUS\Desktop\dersler\Derinogrenme_proje5\FracAtlas\images\Non_fractured\IMG0002814.jpg,0
C:\Users\ASUS\Desktop\dersler\Derinogrenme_proje5\FracAtlas\images\Non_fractured\IMG0001808.jpg,0
C:\Users\ASUS\Desktop\dersler\Derinogrenme_proje5\FracAtlas\images\Non_fractured\IMG0001311.jpg,0
C:\Users\ASUS\Desktop\dersler\Derinogrenme_proje5\FracAtlas\images\Non_fractured\IMG0001777.jpg,0
C:\Users\ASUS\Desktop\dersler\Derinogrenme_proje5\FracAtlas\images\Non_fractured\IMG0002186.jpg,0
C:\Users\ASUS\Desktop\dersler\Derinogrenme_proje5\FracAtlas\images\Non_fractured\IMG0001359.jpg,0
C:\Users\ASUS\Desktop\dersler\Derinogrenme_proje5\FracAtlas\images\Non_fractured\IMG0001566.jpg,0
C:\Users\ASUS\Desktop\dersler\Derinogrenme_proje5\FracAtlas\images\Non_fractured\IMG0000913.jpg,0
C:\Users\ASUS\Desktop\dersler\Derinogrenme_proje5\FracAtlas\images\Non_fractured\IMG0000693.jpg,0
C:\Users\ASUS\Desktop\dersler\Derinogrenme_proje5\FracAtlas\images\Non_fractured\IMG0003223.jpg,0
C:\Users\ASUS\Desktop\dersler\Derinogrenme_proje5\FracAtlas\images\Non_fractured\IMG0001984.jpg,0
C:\Users\ASUS\Desktop\dersler\Derinogrenme_proje5\FracAtlas\images\Non_fractured\IMG0003422.jpg,0
C:\Users\ASUS\Desktop\dersler\Derinogrenme_proje5\FracAtlas\images\Non_fractured\IMG0001842.jpg,0
C:\Users\ASUS\Desktop\dersler\Derinogrenme_proje5\FracAtlas\images\Non_fractured\IMG0000626.jpg,0
C:\Users\ASUS\Desktop\dersler\Derinogrenme_proje5\FracAtlas\images\Non_fractured\IMG0002638.jpg,0
C:\Users\ASUS\Desktop\dersler\Derinogrenme_proje5\FracAtlas\images\Non_fractured\IMG0001451.jpg,0
C:\Users\ASUS\Desktop\dersler\Derinogrenme_proje5\FracAtlas\images\Non_fractured\IMG0001747.jpg,0
C:\Users\ASUS\Desktop\dersler\Derinogrenme_proje5\FracAtlas\images\Non_fractured\IMG0001063.jpg,0
C:\Users\ASUS\Desktop\dersler\Derinogrenme_proje5\FracAtlas\images\Non_fractured\IMG0004252.jpg,0
C:\Users\ASUS\Desktop\dersler\Derinogrenme_proje5\FracAtlas\images\Non_fractured\IMG0003859.jpg,0
C:\Users\ASUS\Desktop\dersler\Derinogrenme_proje5\FracAtlas\images\Non_fractured\IMG0002176.jpg,0
C:\Users\ASUS\Desktop\dersler\Derinogrenme_proje5\FracAtlas\images\Non_fractured\IMG0003215.jpg,0
C:\Users\ASUS\Desktop\dersler\Derinogrenme_proje5\FracAtlas\images\Non_fractured\IMG0003384.jpg,0
C:\Users\ASUS\Desktop\dersler\Derinogrenme_proje5\FracAtlas\images\Non_fractured\IMG0002630.jpg,0
C:\Users\ASUS\Desktop\dersler\Derinogrenme_proje5\FracAtlas\images\Non_fractured\IMG0000343.jpg,0
C:\Users\ASUS\Desktop\dersler\Derinogrenme_proje5\FracAtlas\images\Non_fractured\IMG0001302.jpg,0
C:\Users\ASUS\Desktop\dersler\Derinogrenme_proje5\FracAtlas\images\Fractured\IMG0002346.jpg,1
C:\Users\ASUS\Desktop\dersler\Derinogrenme_proje5\FracAtlas\images\Non_fractured\IMG0003012.jpg,0
C:\Users\ASUS\Desktop\dersler\Derinogrenme_proje5\FracAtlas\images\Non_fractured\IMG0000571.jpg,0
C:\Users\ASUS\Desktop\dersler\Derinogrenme_proje5\FracAtlas\images\Fractured\IMG0000144.jpg,1
C:\Users\ASUS\Desktop\dersler\Derinogrenme_proje5\FracAtlas\images\Non_fractured\IMG0002764.jpg,0
C:\Users\ASUS\Desktop\dersler\Derinogrenme_proje5\FracAtlas\images\Non_fractured\IMG0003759.jpg,0
C:\Users\ASUS\Desktop\dersler\Derinogrenme_proje5\FracAtlas\images\Non_fractured\IMG0001461.jpg,0
C:\Users\ASUS\Desktop\dersler\Derinogrenme_proje5\FracAtlas\images\Non_fractured\IMG0003603.jpg,0
C:\Users\ASUS\Desktop\dersler\Derinogrenme_proje5\FracAtlas\images\Non_fractured\IMG0002860.jpg,0
C:\Users\ASUS\Desktop\dersler\Derinogrenme_proje5\FracAtlas\images\Non_fractured\IMG0004256.jpg,0
C:\Users\ASUS\Desktop\dersler\Derinogrenme_proje5\FracAtlas\images\Non_fractured\IMG0001006.jpg,0
C:\Users\ASUS\Desktop\dersler\Derinogrenme_proje5\FracAtlas\images\Fractured\IMG0002621.jpg,1
C:\Users\ASUS\Desktop\dersler\Derinogrenme_proje5\FracAtlas\images\Non_fractured\IMG0001220.jpg,0
C:\Users\ASUS\Desktop\dersler\Derinogrenme_proje5\FracAtlas\images\Non_fractured\IMG0003197.jpg,0
C:\Users\ASUS\Desktop\dersler\Derinogrenme_proje5\FracAtlas\images\Non_fractured\IMG0000464.jpg,0
C:\Users\ASUS\Desktop\dersler\Derinogrenme_proje5\FracAtlas\images\Non_fractured\IMG0001134.jpg,0
C:\Users\ASUS\Desktop\dersler\Derinogrenme_proje5\FracAtlas\images\Non_fractured\IMG0000734.jpg,0
C:\Users\ASUS\Desktop\dersler\Derinogrenme_proje5\FracAtlas\images\Non_fractured\IMG0002709.jpg,0
C:\Users\ASUS\Desktop\dersler\Derinogrenme_proje5\FracAtlas\images\Non_fractured\IMG0000587.jpg,0
C:\Users\ASUS\Desktop\dersler\Derinogrenme_proje5\FracAtlas\images\Fractured\IMG0000852.jpg,1
C:\Users\ASUS\Desktop\dersler\Derinogrenme_proje5\FracAtlas\images\Non_fractured\IMG0003423.jpg,0
C:\Users\ASUS\Desktop\dersler\Derinogrenme_proje5\FracAtlas\images\Non_fractured\IMG0002222.jpg,0
C:\Users\ASUS\Desktop\dersler\Derinogrenme_proje5\FracAtlas\images\Non_fractured\IMG0001983.jpg,0
C:\Users\ASUS\Desktop\dersler\Derinogrenme_proje5\FracAtlas\images\Non_fractured\IMG0001310.jpg,0
C:\Users\ASUS\Desktop\dersler\Derinogrenme_proje5\FracAtlas\images\Non_fractured\IMG0002843.jpg,0
C:\Users\ASUS\Desktop\dersler\Derinogrenme_proje5\FracAtlas\images\Non_fractured\IMG0003634.jpg,0
C:\Users\ASUS\Desktop\dersler\Derinogrenme_proje5\FracAtlas\images\Non_fractured\IMG0003059.jpg,0
C:\Users\ASUS\Desktop\dersler\Derinogrenme_proje5\FracAtlas\images\Non_fractured\IMG0003970.jpg,0
C:\Users\ASUS\Desktop\dersler\Derinogrenme_proje5\FracAtlas\images\Non_fractured\IMG0003170.jpg,0
C:\Users\ASUS\Desktop\dersler\Derinogrenme_proje5\FracAtlas\images\Non_fractured\IMG0001056.jpg,0
C:\Users\ASUS\Desktop\dersler\Derinogrenme_proje5\FracAtlas\images\Non_fractured\IMG0002865.jpg,0
C:\Users\ASUS\Desktop\dersler\Derinogrenme_proje5\FracAtlas\images\Non_fractured\IMG0000575.jpg,0
C:\Users\ASUS\Desktop\dersler\Derinogrenme_proje5\FracAtlas\images\Non_fractured\IMG0002867.jpg,0
C:\Users\ASUS\Desktop\dersler\Derinogrenme_proje5\FracAtlas\images\Fractured\IMG0002369.jpg,1
C:\Users\ASUS\Desktop\dersler\Derinogrenme_proje5\FracAtlas\images\Non_fractured\IMG0000055.jpg,0
C:\Users\ASUS\Desktop\dersler\Derinogrenme_proje5\FracAtlas\images\Non_fractured\IMG0000616.jpg,0
C:\Users\ASUS\Desktop\dersler\Derinogrenme_proje5\FracAtlas\images\Non_fractured\IMG0000145.jpg,0
C:\Users\ASUS\Desktop\dersler\Derinogrenme_proje5\FracAtlas\images\Fractured\IMG0003382.jpg,1
C:\Users\ASUS\Desktop\dersler\Derinogrenme_proje5\FracAtlas\images\Non_fractured\IMG0003580.jpg,0
C:\Users\ASUS\Desktop\dersler\Derinogrenme_proje5\FracAtlas\images\Non_fractured\IMG0001376.jpg,0
C:\Users\ASUS\Desktop\dersler\Derinogrenme_proje5\FracAtlas\images\Non_fractured\IMG0002277.jpg,0
C:\Users\ASUS\Desktop\dersler\Derinogrenme_proje5\FracAtlas\images\Fractured\IMG0000801.jpg,1
C:\Users\ASUS\Desktop\dersler\Derinogrenme_proje5\FracAtlas\images\Non_fractured\IMG0003351.jpg,0
C:\Users\ASUS\Desktop\dersler\Derinogrenme_proje5\FracAtlas\images\Non_fractured\IMG0002032.jpg,0
C:\Users\ASUS\Desktop\dersler\Derinogrenme_proje5\FracAtlas\images\Non_fractured\IMG0000097.jpg,0
C:\Users\ASUS\Desktop\dersler\Derinogrenme_proje5\FracAtlas\images\Non_fractured\IMG0001722.jpg,0
C:\Users\ASUS\Desktop\dersler\Derinogrenme_proje5\FracAtlas\images\Non_fractured\IMG0002259.jpg,0
C:\Users\ASUS\Desktop\dersler\Derinogrenme_proje5\FracAtlas\images\Non_fractured\IMG0000881.jpg,0
C:\Users\ASUS\Desktop\dersler\Derinogrenme_proje5\FracAtlas\images\Non_fractured\IMG0003806.jpg,0
C:\Users\ASUS\Desktop\dersler\Derinogrenme_proje5\FracAtlas\images\Non_fractured\IMG0002793.jpg,0
C:\Users\ASUS\Desktop\dersler\Derinogrenme_proje5\FracAtlas\images\Non_fractured\IMG0002070.jpg,0
C:\Users\ASUS\Desktop\dersler\Derinogrenme_proje5\FracAtlas\images\Fractured\IMG0004267.jpg,1
C:\Users\ASUS\Desktop\dersler\Derinogrenme_proje5\FracAtlas\images\Fractured\IMG0001938.jpg,1
C:\Users\ASUS\Desktop\dersler\Derinogrenme_proje5\FracAtlas\images\Non_fractured\IMG0003914.jpg,0
C:\Users\ASUS\Desktop\dersler\Derinogrenme_proje5\FracAtlas\images\Fractured\IMG0002380.jpg,1
C:\Users\ASUS\Desktop\dersler\Derinogrenme_proje5\FracAtlas\images\Non_fractured\IMG0003753.jpg,0
C:\Users\ASUS\Desktop\dersler\Derinogrenme_proje5\FracAtlas\images\Non_fractured\IMG0000278.jpg,0
C:\Users\ASUS\Desktop\dersler\Derinogrenme_proje5\FracAtlas\images\Non_fractured\IMG0000526.jpg,0
C:\Users\ASUS\Desktop\dersler\Derinogrenme_proje5\FracAtlas\images\Non_fractured\IMG0000638.jpg,0
C:\Users\ASUS\Desktop\dersler\Derinogrenme_proje5\FracAtlas\images\Non_fractured\IMG0000263.jpg,0
C:\Users\ASUS\Desktop\dersler\Derinogrenme_proje5\FracAtlas\images\Non_fractured\IMG0001515.jpg,0
C:\Users\ASUS\Desktop\dersler\Derinogrenme_proje5\FracAtlas\images\Non_fractured\IMG0001606.jpg,0
C:\Users\ASUS\Desktop\dersler\Derinogrenme_proje5\FracAtlas\images\Fractured\IMG0003157.jpg,1
C:\Users\ASUS\Desktop\dersler\Derinogrenme_proje5\FracAtlas\images\Non_fractured\IMG0001650.jpg,0
C:\Users\ASUS\Desktop\dersler\Derinogrenme_proje5\FracAtlas\images\Fractured\IMG0004043.jpg,1
C:\Users\ASUS\Desktop\dersler\Derinogrenme_proje5\FracAtlas\images\Non_fractured\IMG0000204.jpg,0
C:\Users\ASUS\Desktop\dersler\Derinogrenme_proje5\FracAtlas\images\Non_fractured\IMG0000062.jpg,0
C:\Users\ASUS\Desktop\dersler\Derinogrenme_proje5\FracAtlas\images\Non_fractured\IMG0003349.jpg,0
C:\Users\ASUS\Desktop\dersler\Derinogrenme_proje5\FracAtlas\images\Non_fractured\IMG0003027.jpg,0
C:\Users\ASUS\Desktop\dersler\Derinogrenme_proje5\FracAtlas\images\Non_fractured\IMG0000508.jpg,0
C:\Users\ASUS\Desktop\dersler\Derinogrenme_proje5\FracAtlas\images\Fractured\IMG0003394.jpg,1
C:\Users\ASUS\Desktop\dersler\Derinogrenme_proje5\FracAtlas\images\Non_fractured\IMG0000547.jpg,0
C:\Users\ASUS\Desktop\dersler\Derinogrenme_proje5\FracAtlas\images\Non_fractured\IMG0003039.jpg,0
C:\Users\ASUS\Desktop\dersler\Derinogrenme_proje5\FracAtlas\images\Non_fractured\IMG0002775.jpg,0
C:\Users\ASUS\Desktop\dersler\Derinogrenme_proje5\FracAtlas\images\Non_fractured\IMG0002663.jpg,0
C:\Users\ASUS\Desktop\dersler\Derinogrenme_proje5\FracAtlas\images\Non_fractured\IMG0001261.jpg,0
C:\Users\ASUS\Desktop\dersler\Derinogrenme_proje5\FracAtlas\images\Non_fractured\IMG0001995.jpg,0
C:\Users\ASUS\Desktop\dersler\Derinogrenme_proje5\FracAtlas\images\Fractured\IMG0003545.jpg,1
C:\Users\ASUS\Desktop\dersler\Derinogrenme_proje5\FracAtlas\images\Non_fractured\IMG0001536.jpg,0
C:\Users\ASUS\Desktop\dersler\Derinogrenme_proje5\FracAtlas\images\Non_fractured\IMG0001632.jpg,0
C:\Users\ASUS\Desktop\dersler\Derinogrenme_proje5\FracAtlas\images\Non_fractured\IMG0001573.jpg,0
C:\Users\ASUS\Desktop\dersler\Derinogrenme_proje5\FracAtlas\images\Non_fractured\IMG0000347.jpg,0
C:\Users\ASUS\Desktop\dersler\Derinogrenme_proje5\FracAtlas\images\Non_fractured\IMG0002024.jpg,0
C:\Users\ASUS\Desktop\dersler\Derinogrenme_proje5\FracAtlas\images\Non_fractured\IMG0001371.jpg,0
C:\Users\ASUS\Desktop\dersler\Derinogrenme_proje5\FracAtlas\images\Non_fractured\IMG0001408.jpg,0
C:\Users\ASUS\Desktop\dersler\Derinogrenme_proje5\FracAtlas\images\Non_fractured\IMG0001132.jpg,0
C:\Users\ASUS\Desktop\dersler\Derinogrenme_proje5\FracAtlas\images\Non_fractured\IMG0002030.jpg,0
C:\Users\ASUS\Desktop\dersler\Derinogrenme_proje5\FracAtlas\images\Non_fractured\IMG0001062.jpg,0
C:\Users\ASUS\Desktop\dersler\Derinogrenme_proje5\FracAtlas\images\Non_fractured\IMG0002136.jpg,0
C:\Users\ASUS\Desktop\dersler\Derinogrenme_proje5\FracAtlas\images\Non_fractured\IMG0002004.jpg,0
C:\Users\ASUS\Desktop\dersler\Derinogrenme_proje5\FracAtlas\images\Non_fractured\IMG0002795.jpg,0
C:\Users\ASUS\Desktop\dersler\Derinogrenme_proje5\FracAtlas\images\Non_fractured\IMG0002708.jpg,0
C:\Users\ASUS\Desktop\dersler\Derinogrenme_proje5\FracAtlas\images\Non_fractured\IMG0000703.jpg,0
C:\Users\ASUS\Desktop\dersler\Derinogrenme_proje5\FracAtlas\images\Non_fractured\IMG0002008.jpg,0
C:\Users\ASUS\Desktop\dersler\Derinogrenme_proje5\FracAtlas\images\Non_fractured\IMG0002100.jpg,0
C:\Users\ASUS\Desktop\dersler\Derinogrenme_proje5\FracAtlas\images\Non_fractured\IMG0000670.jpg,0
C:\Users\ASUS\Desktop\dersler\Derinogrenme_proje5\FracAtlas\images\Non_fractured\IMG0003271.jpg,0
C:\Users\ASUS\Desktop\dersler\Derinogrenme_proje5\FracAtlas\images\Non_fractured\IMG0001280.jpg,0
C:\Users\ASUS\Desktop\dersler\Derinogrenme_proje5\FracAtlas\images\Non_fractured\IMG0000643.jpg,0
C:\Users\ASUS\Desktop\dersler\Derinogrenme_proje5\FracAtlas\images\Non_fractured\IMG0000003.jpg,0
C:\Users\ASUS\Desktop\dersler\Derinogrenme_proje5\FracAtlas\images\Non_fractured\IMG0000485.jpg,0
C:\Users\ASUS\Desktop\dersler\Derinogrenme_proje5\FracAtlas\images\Non_fractured\IMG0001655.jpg,0
C:\Users\ASUS\Desktop\dersler\Derinogrenme_proje5\FracAtlas\images\Non_fractured\IMG0003730.jpg,0
C:\Users\ASUS\Desktop\dersler\Derinogrenme_proje5\FracAtlas\images\Non_fractured\IMG0003428.jpg,0
C:\Users\ASUS\Desktop\dersler\Derinogrenme_proje5\FracAtlas\images\Fractured\IMG0002552.jpg,1
C:\Users\ASUS\Desktop\dersler\Derinogrenme_proje5\FracAtlas\images\Fractured\IMG0002541.jpg,1
C:\Users\ASUS\Desktop\dersler\Derinogrenme_proje5\FracAtlas\images\Non_fractured\IMG0001725.jpg,0
C:\Users\ASUS\Desktop\dersler\Derinogrenme_proje5\FracAtlas\images\Non_fractured\IMG0002864.jpg,0
C:\Users\ASUS\Desktop\dersler\Derinogrenme_proje5\FracAtlas\images\Non_fractured\IMG0000200.jpg,0
C:\Users\ASUS\Desktop\dersler\Derinogrenme_proje5\FracAtlas\images\Non_fractured\IMG0002168.jpg,0
C:\Users\ASUS\Desktop\dersler\Derinogrenme_proje5\FracAtlas\images\Non_fractured\IMG0000833.jpg,0
C:\Users\ASUS\Desktop\dersler\Derinogrenme_proje5\FracAtlas\images\Non_fractured\IMG0002115.jpg,0
C:\Users\ASUS\Desktop\dersler\Derinogrenme_proje5\FracAtlas\images\Non_fractured\IMG0003633.jpg,0
C:\Users\ASUS\Desktop\dersler\Derinogrenme_proje5\FracAtlas\images\Fractured\IMG0002494.jpg,1
C:\Users\ASUS\Desktop\dersler\Derinogrenme_proje5\FracAtlas\images\Non_fractured\IMG0001048.jpg,0
C:\Users\ASUS\Desktop\dersler\Derinogrenme_proje5\FracAtlas\images\Non_fractured\IMG0000126.jpg,0
C:\Users\ASUS\Desktop\dersler\Derinogrenme_proje5\FracAtlas\images\Non_fractured\IMG0002716.jpg,0
C:\Users\ASUS\Desktop\dersler\Derinogrenme_proje5\FracAtlas\images\Fractured\IMG0002847.jpg,1
C:\Users\ASUS\Desktop\dersler\Derinogrenme_proje5\FracAtlas\images\Non_fractured\IMG0003638.jpg,0
C:\Users\ASUS\Desktop\dersler\Derinogrenme_proje5\FracAtlas\images\Non_fractured\IMG0000247.jpg,0
C:\Users\ASUS\Desktop\dersler\Derinogrenme_proje5\FracAtlas\images\Non_fractured\IMG0003494.jpg,0
C:\Users\ASUS\Desktop\dersler\Derinogrenme_proje5\FracAtlas\images\Non_fractured\IMG0001182.jpg,0
C:\Users\ASUS\Desktop\dersler\Derinogrenme_proje5\FracAtlas\images\Fractured\IMG0002591.jpg,1
C:\Users\ASUS\Desktop\dersler\Derinogrenme_proje5\FracAtlas\images\Fractured\IMG0002473.jpg,1
C:\Users\ASUS\Desktop\dersler\Derinogrenme_proje5\FracAtlas\images\Non_fractured\IMG0000067.jpg,0
C:\Users\ASUS\Desktop\dersler\Derinogrenme_proje5\FracAtlas\images\Non_fractured\IMG0002635.jpg,0
C:\Users\ASUS\Desktop\dersler\Derinogrenme_proje5\FracAtlas\images\Non_fractured\IMG0000981.jpg,0
C:\Users\ASUS\Desktop\dersler\Derinogrenme_proje5\FracAtlas\images\Non_fractured\IMG0000391.jpg,0
C:\Users\ASUS\Desktop\dersler\Derinogrenme_proje5\FracAtlas\images\Fractured\IMG0002315.jpg,1
C:\Users\ASUS\Desktop\dersler\Derinogrenme_proje5\FracAtlas\images\Non_fractured\IMG0001358.jpg,0
C:\Users\ASUS\Desktop\dersler\Derinogrenme_proje5\FracAtlas\images\Non_fractured\IMG0001866.jpg,0
C:\Users\ASUS\Desktop\dersler\Derinogrenme_proje5\FracAtlas\images\Non_fractured\IMG0002717.jpg,0
C:\Users\ASUS\Desktop\dersler\Derinogrenme_proje5\FracAtlas\images\Fractured\IMG0001934.jpg,1
C:\Users\ASUS\Desktop\dersler\Derinogrenme_proje5\FracAtlas\images\Fractured\IMG0000284.jpg,1
C:\Users\ASUS\Desktop\dersler\Derinogrenme_proje5\FracAtlas\images\Non_fractured\IMG0002028.jpg,0
C:\Users\ASUS\Desktop\dersler\Derinogrenme_proje5\FracAtlas\images\Non_fractured\IMG0003042.jpg,0
C:\Users\ASUS\Desktop\dersler\Derinogrenme_proje5\FracAtlas\images\Non_fractured\IMG0002153.jpg,0
C:\Users\ASUS\Desktop\dersler\Derinogrenme_proje5\FracAtlas\images\Non_fractured\IMG0000554.jpg,0
C:\Users\ASUS\Desktop\dersler\Derinogrenme_proje5\FracAtlas\images\Non_fractured\IMG0000525.jpg,0
C:\Users\ASUS\Desktop\dersler\Derinogrenme_proje5\FracAtlas\images\Non_fractured\IMG0001853.jpg,0
C:\Users\ASUS\Desktop\dersler\Derinogrenme_proje5\FracAtlas\images\Fractured\IMG0001441.jpg,1
C:\Users\ASUS\Desktop\dersler\Derinogrenme_proje5\FracAtlas\images\Non_fractured\IMG0002671.jpg,0
C:\Users\ASUS\Desktop\dersler\Derinogrenme_proje5\FracAtlas\images\Fractured\IMG0003218.jpg,1
C:\Users\ASUS\Desktop\dersler\Derinogrenme_proje5\FracAtlas\images\Non_fractured\IMG0003659.jpg,0
C:\Users\ASUS\Desktop\dersler\Derinogrenme_proje5\FracAtlas\images\Fractured\IMG0003803.jpg,1
C:\Users\ASUS\Desktop\dersler\Derinogrenme_proje5\FracAtlas\images\Non_fractured\IMG0003292.jpg,0
C:\Users\ASUS\Desktop\dersler\Derinogrenme_proje5\FracAtlas\images\Non_fractured\IMG0001555.jpg,0
C:\Users\ASUS\Desktop\dersler\Derinogrenme_proje5\FracAtlas\images\Non_fractured\IMG0000382.jpg,0
C:\Users\ASUS\Desktop\dersler\Derinogrenme_proje5\FracAtlas\images\Non_fractured\IMG0001243.jpg,0
C:\Users\ASUS\Desktop\dersler\Derinogrenme_proje5\FracAtlas\images\Non_fractured\IMG0001673.jpg,0
C:\Users\ASUS\Desktop\dersler\Derinogrenme_proje5\FracAtlas\images\Fractured\IMG0003927.jpg,1
C:\Users\ASUS\Desktop\dersler\Derinogrenme_proje5\FracAtlas\images\Non_fractured\IMG0001645.jpg,0
C:\Users\ASUS\Desktop\dersler\Derinogrenme_proje5\FracAtlas\images\Non_fractured\IMG0002949.jpg,0
C:\Users\ASUS\Desktop\dersler\Derinogrenme_proje5\FracAtlas\images\Non_fractured\IMG0000980.jpg,0
C:\Users\ASUS\Desktop\dersler\Derinogrenme_proje5\FracAtlas\images\Non_fractured\IMG0000705.jpg,0
C:\Users\ASUS\Desktop\dersler\Derinogrenme_proje5\FracAtlas\images\Non_fractured\IMG0001693.jpg,0
C:\Users\ASUS\Desktop\dersler\Derinogrenme_proje5\FracAtlas\images\Non_fractured\IMG0003674.jpg,0
C:\Users\ASUS\Desktop\dersler\Derinogrenme_proje5\FracAtlas\images\Non_fractured\IMG0002073.jpg,0
C:\Users\ASUS\Desktop\dersler\Derinogrenme_proje5\FracAtlas\images\Non_fractured\IMG0001468.jpg,0
C:\Users\ASUS\Desktop\dersler\Derinogrenme_proje5\FracAtlas\images\Non_fractured\IMG0000816.jpg,0
C:\Users\ASUS\Desktop\dersler\Derinogrenme_proje5\FracAtlas\images\Non_fractured\IMG0000276.jpg,0
C:\Users\ASUS\Desktop\dersler\Derinogrenme_proje5\FracAtlas\images\Non_fractured\IMG0000498.jpg,0
C:\Users\ASUS\Desktop\dersler\Derinogrenme_proje5\FracAtlas\images\Non_fractured\IMG0003710.jpg,0
C:\Users\ASUS\Desktop\dersler\Derinogrenme_proje5\FracAtlas\images\Non_fractured\IMG0001188.jpg,0
C:\Users\ASUS\Desktop\dersler\Derinogrenme_proje5\FracAtlas\images\Fractured\IMG0004067.jpg,1
C:\Users\ASUS\Desktop\dersler\Derinogrenme_proje5\FracAtlas\images\Non_fractured\IMG0001203.jpg,0
C:\Users\ASUS\Desktop\dersler\Derinogrenme_proje5\FracAtlas\images\Non_fractured\IMG0001322.jpg,0
C:\Users\ASUS\Desktop\dersler\Derinogrenme_proje5\FracAtlas\images\Non_fractured\IMG0002154.jpg,0
C:\Users\ASUS\Desktop\dersler\Derinogrenme_proje5\FracAtlas\images\Non_fractured\IMG0002805.jpg,0
C:\Users\ASUS\Desktop\dersler\Derinogrenme_proje5\FracAtlas\images\Non_fractured\IMG0001698.jpg,0
C:\Users\ASUS\Desktop\dersler\Derinogrenme_proje5\FracAtlas\images\Non_fractured\IMG0002741.jpg,0
C:\Users\ASUS\Desktop\dersler\Derinogrenme_proje5\FracAtlas\images\Non_fractured\IMG0003549.jpg,0
C:\Users\ASUS\Desktop\dersler\Derinogrenme_proje5\FracAtlas\images\Fractured\IMG0002456.jpg,1
C:\Users\ASUS\Desktop\dersler\Derinogrenme_proje5\FracAtlas\images\Non_fractured\IMG0003062.jpg,0
C:\Users\ASUS\Desktop\dersler\Derinogrenme_proje5\FracAtlas\images\Non_fractured\IMG0001567.jpg,0
C:\Users\ASUS\Desktop\dersler\Derinogrenme_proje5\FracAtlas\images\Non_fractured\IMG0002240.jpg,0
C:\Users\ASUS\Desktop\dersler\Derinogrenme_proje5\FracAtlas\images\Non_fractured\IMG0001659.jpg,0
C:\Users\ASUS\Desktop\dersler\Derinogrenme_proje5\FracAtlas\images\Non_fractured\IMG0000602.jpg,0
C:\Users\ASUS\Desktop\dersler\Derinogrenme_proje5\FracAtlas\images\Fractured\IMG0004374.jpg,1
C:\Users\ASUS\Desktop\dersler\Derinogrenme_proje5\FracAtlas\images\Non_fractured\IMG0003044.jpg,0
C:\Users\ASUS\Desktop\dersler\Derinogrenme_proje5\FracAtlas\images\Non_fractured\IMG0001758.jpg,0
C:\Users\ASUS\Desktop\dersler\Derinogrenme_proje5\FracAtlas\images\Fractured\IMG0002448.jpg,1
C:\Users\ASUS\Desktop\dersler\Derinogrenme_proje5\FracAtlas\images\Non_fractured\IMG0001838.jpg,0
C:\Users\ASUS\Desktop\dersler\Derinogrenme_proje5\FracAtlas\images\Non_fractured\IMG0001776.jpg,0
C:\Users\ASUS\Desktop\dersler\Derinogrenme_proje5\FracAtlas\images\Non_fractured\IMG0001941.jpg,0
C:\Users\ASUS\Desktop\dersler\Derinogrenme_proje5\FracAtlas\images\Non_fractured\IMG0002654.jpg,0
C:\Users\ASUS\Desktop\dersler\Derinogrenme_proje5\FracAtlas\images\Non_fractured\IMG0004081.jpg,0
C:\Users\ASUS\Desktop\dersler\Derinogrenme_proje5\FracAtlas\images\Non_fractured\IMG0003881.jpg,0
C:\Users\ASUS\Desktop\dersler\Derinogrenme_proje5\FracAtlas\images\Non_fractured\IMG0001014.jpg,0
C:\Users\ASUS\Desktop\dersler\Derinogrenme_proje5\FracAtlas\images\Fractured\IMG0002450.jpg,1
C:\Users\ASUS\Desktop\dersler\Derinogrenme_proje5\FracAtlas\images\Non_fractured\IMG0000878.jpg,0
C:\Users\ASUS\Desktop\dersler\Derinogrenme_proje5\FracAtlas\images\Non_fractured\IMG0001514.jpg,0
C:\Users\ASUS\Desktop\dersler\Derinogrenme_proje5\FracAtlas\images\Non_fractured\IMG0003040.jpg,0
C:\Users\ASUS\Desktop\dersler\Derinogrenme_proje5\FracAtlas\images\Non_fractured\IMG0000069.jpg,0
C:\Users\ASUS\Desktop\dersler\Derinogrenme_proje5\FracAtlas\images\Non_fractured\IMG0001635.jpg,0
C:\Users\ASUS\Desktop\dersler\Derinogrenme_proje5\FracAtlas\images\Non_fractured\IMG0001496.jpg,0
C:\Users\ASUS\Desktop\dersler\Derinogrenme_proje5\FracAtlas\images\Non_fractured\IMG0003969.jpg,0
C:\Users\ASUS\Desktop\dersler\Derinogrenme_proje5\FracAtlas\images\Non_fractured\IMG0002917.jpg,0
C:\Users\ASUS\Desktop\dersler\Derinogrenme_proje5\FracAtlas\images\Non_fractured\IMG0001009.jpg,0
C:\Users\ASUS\Desktop\dersler\Derinogrenme_proje5\FracAtlas\images\Non_fractured\IMG0002109.jpg,0
C:\Users\ASUS\Desktop\dersler\Derinogrenme_proje5\FracAtlas\images\Non_fractured\IMG0003247.jpg,0
C:\Users\ASUS\Desktop\dersler\Derinogrenme_proje5\FracAtlas\images\Non_fractured\IMG0003086.jpg,0
C:\Users\ASUS\Desktop\dersler\Derinogrenme_proje5\FracAtlas\images\Fractured\IMG0002351.jpg,1
C:\Users\ASUS\Desktop\dersler\Derinogrenme_proje5\FracAtlas\images\Fractured\IMG0002749.jpg,1
C:\Users\ASUS\Desktop\dersler\Derinogrenme_proje5\FracAtlas\images\Non_fractured\IMG0001086.jpg,0
C:\Users\ASUS\Desktop\dersler\Derinogrenme_proje5\FracAtlas\images\Non_fractured\IMG0001421.jpg,0
C:\Users\ASUS\Desktop\dersler\Derinogrenme_proje5\FracAtlas\images\Non_fractured\IMG0003473.jpg,0
C:\Users\ASUS\Desktop\dersler\Derinogrenme_proje5\FracAtlas\images\Non_fractured\IMG0004036.jpg,0
C:\Users\ASUS\Desktop\dersler\Derinogrenme_proje5\FracAtlas\images\Non_fractured\IMG0002170.jpg,0
C:\Users\ASUS\Desktop\dersler\Derinogrenme_proje5\FracAtlas\images\Non_fractured\IMG0000780.jpg,0
C:\Users\ASUS\Desktop\dersler\Derinogrenme_proje5\FracAtlas\images\Non_fractured\IMG0003008.jpg,0
C:\Users\ASUS\Desktop\dersler\Derinogrenme_proje5\FracAtlas\images\Non_fractured\IMG0003527.jpg,0
C:\Users\ASUS\Desktop\dersler\Derinogrenme_proje5\FracAtlas\images\Fractured\IMG0003102.jpg,1
C:\Users\ASUS\Desktop\dersler\Derinogrenme_proje5\FracAtlas\images\Non_fractured\IMG0002184.jpg,0
C:\Users\ASUS\Desktop\dersler\Derinogrenme_proje5\FracAtlas\images\Non_fractured\IMG0003679.jpg,0
C:\Users\ASUS\Desktop\dersler\Derinogrenme_proje5\FracAtlas\images\Non_fractured\IMG0001779.jpg,0
C:\Users\ASUS\Desktop\dersler\Derinogrenme_proje5\FracAtlas\images\Non_fractured\IMG0000072.jpg,0
C:\Users\ASUS\Desktop\dersler\Derinogrenme_proje5\FracAtlas\images\Fractured\IMG0003077.jpg,1
C:\Users\ASUS\Desktop\dersler\Derinogrenme_proje5\FracAtlas\images\Non_fractured\IMG0000187.jpg,0
C:\Users\ASUS\Desktop\dersler\Derinogrenme_proje5\FracAtlas\images\Non_fractured\IMG0000537.jpg,0
C:\Users\ASUS\Desktop\dersler\Derinogrenme_proje5\FracAtlas\images\Fractured\IMG0003332.jpg,1
C:\Users\ASUS\Desktop\dersler\Derinogrenme_proje5\FracAtlas\images\Non_fractured\IMG0000540.jpg,0
C:\Users\ASUS\Desktop\dersler\Derinogrenme_proje5\FracAtlas\images\Non_fractured\IMG0003591.jpg,0
C:\Users\ASUS\Desktop\dersler\Derinogrenme_proje5\FracAtlas\images\Non_fractured\IMG0002711.jpg,0
C:\Users\ASUS\Desktop\dersler\Derinogrenme_proje5\FracAtlas\images\Non_fractured\IMG0003515.jpg,0
C:\Users\ASUS\Desktop\dersler\Derinogrenme_proje5\FracAtlas\images\Fractured\IMG0002367.jpg,1
C:\Users\ASUS\Desktop\dersler\Derinogrenme_proje5\FracAtlas\images\Non_fractured\IMG0001445.jpg,0
C:\Users\ASUS\Desktop\dersler\Derinogrenme_proje5\FracAtlas\images\Non_fractured\IMG0001637.jpg,0
C:\Users\ASUS\Desktop\dersler\Derinogrenme_proje5\FracAtlas\images\Non_fractured\IMG0001417.jpg,0
C:\Users\ASUS\Desktop\dersler\Derinogrenme_proje5\FracAtlas\images\Non_fractured\IMG0001812.jpg,0
C:\Users\ASUS\Desktop\dersler\Derinogrenme_proje5\FracAtlas\images\Non_fractured\IMG0001223.jpg,0
C:\Users\ASUS\Desktop\dersler\Derinogrenme_proje5\FracAtlas\images\Fractured\IMG0002225.jpg,1
C:\Users\ASUS\Desktop\dersler\Derinogrenme_proje5\FracAtlas\images\Non_fractured\IMG0003465.jpg,0
C:\Users\ASUS\Desktop\dersler\Derinogrenme_proje5\FracAtlas\images\Non_fractured\IMG0003190.jpg,0
C:\Users\ASUS\Desktop\dersler\Derinogrenme_proje5\FracAtlas\images\Non_fractured\IMG0000704.jpg,0
C:\Users\ASUS\Desktop\dersler\Derinogrenme_proje5\FracAtlas\images\Non_fractured\IMG0000808.jpg,0
C:\Users\ASUS\Desktop\dersler\Derinogrenme_proje5\FracAtlas\images\Non_fractured\IMG0003409.jpg,0
C:\Users\ASUS\Desktop\dersler\Derinogrenme_proje5\FracAtlas\images\Non_fractured\IMG0004245.jpg,0
C:\Users\ASUS\Desktop\dersler\Derinogrenme_proje5\FracAtlas\images\Non_fractured\IMG0003127.jpg,0
C:\Users\ASUS\Desktop\dersler\Derinogrenme_proje5\FracAtlas\images\Non_fractured\IMG0000967.jpg,0
C:\Users\ASUS\Desktop\dersler\Derinogrenme_proje5\FracAtlas\images\Non_fractured\IMG0001683.jpg,0
C:\Users\ASUS\Desktop\dersler\Derinogrenme_proje5\FracAtlas\images\Non_fractured\IMG0001539.jpg,0
C:\Users\ASUS\Desktop\dersler\Derinogrenme_proje5\FracAtlas\images\Non_fractured\IMG0000229.jpg,0
C:\Users\ASUS\Desktop\dersler\Derinogrenme_proje5\FracAtlas\images\Fractured\IMG0000466.jpg,1
C:\Users\ASUS\Desktop\dersler\Derinogrenme_proje5\FracAtlas\images\Fractured\IMG0003843.jpg,1
C:\Users\ASUS\Desktop\dersler\Derinogrenme_proje5\FracAtlas\images\Non_fractured\IMG0001470.jpg,0
C:\Users\ASUS\Desktop\dersler\Derinogrenme_proje5\FracAtlas\images\Fractured\IMG0000480.jpg,1
C:\Users\ASUS\Desktop\dersler\Derinogrenme_proje5\FracAtlas\images\Non_fractured\IMG0000245.jpg,0
C:\Users\ASUS\Desktop\dersler\Derinogrenme_proje5\FracAtlas\images\Non_fractured\IMG0000013.jpg,0
C:\Users\ASUS\Desktop\dersler\Derinogrenme_proje5\FracAtlas\images\Non_fractured\IMG0000610.jpg,0
C:\Users\ASUS\Desktop\dersler\Derinogrenme_proje5\FracAtlas\images\Non_fractured\IMG0002723.jpg,0
C:\Users\ASUS\Desktop\dersler\Derinogrenme_proje5\FracAtlas\images\Non_fractured\IMG0001646.jpg,0
C:\Users\ASUS\Desktop\dersler\Derinogrenme_proje5\FracAtlas\images\Non_fractured\IMG0000121.jpg,0
C:\Users\ASUS\Desktop\dersler\Derinogrenme_proje5\FracAtlas\images\Non_fractured\IMG0003454.jpg,0
C:\Users\ASUS\Desktop\dersler\Derinogrenme_proje5\FracAtlas\images\Non_fractured\IMG0003497.jpg,0
C:\Users\ASUS\Desktop\dersler\Derinogrenme_proje5\FracAtlas\images\Non_fractured\IMG0001090.jpg,0
C:\Users\ASUS\Desktop\dersler\Derinogrenme_proje5\FracAtlas\images\Non_fractured\IMG0001336.jpg,0
C:\Users\ASUS\Desktop\dersler\Derinogrenme_proje5\FracAtlas\images\Non_fractured\IMG0000379.jpg,0
C:\Users\ASUS\Desktop\dersler\Derinogrenme_proje5\FracAtlas\images\Non_fractured\IMG0003318.jpg,0
C:\Users\ASUS\Desktop\dersler\Derinogrenme_proje5\FracAtlas\images\Non_fractured\IMG0002256.jpg,0
C:\Users\ASUS\Desktop\dersler\Derinogrenme_proje5\FracAtlas\images\Non_fractured\IMG0001266.jpg,0
C:\Users\ASUS\Desktop\dersler\Derinogrenme_proje5\FracAtlas\images\Non_fractured\IMG0002682.jpg,0
C:\Users\ASUS\Desktop\dersler\Derinogrenme_proje5\FracAtlas\images\Fractured\IMG0002653.jpg,1
C:\Users\ASUS\Desktop\dersler\Derinogrenme_proje5\FracAtlas\images\Non_fractured\IMG0003176.jpg,0
C:\Users\ASUS\Desktop\dersler\Derinogrenme_proje5\FracAtlas\images\Non_fractured\IMG0002975.jpg,0
C:\Users\ASUS\Desktop\dersler\Derinogrenme_proje5\FracAtlas\images\Non_fractured\IMG0003391.jpg,0
C:\Users\ASUS\Desktop\dersler\Derinogrenme_proje5\FracAtlas\images\Non_fractured\IMG0001795.jpg,0
C:\Users\ASUS\Desktop\dersler\Derinogrenme_proje5\FracAtlas\images\Non_fractured\IMG0003352.jpg,0
C:\Users\ASUS\Desktop\dersler\Derinogrenme_proje5\FracAtlas\images\Non_fractured\IMG0000300.jpg,0
C:\Users\ASUS\Desktop\dersler\Derinogrenme_proje5\FracAtlas\images\Non_fractured\IMG0000807.jpg,0
C:\Users\ASUS\Desktop\dersler\Derinogrenme_proje5\FracAtlas\images\Fractured\IMG0002548.jpg,1
C:\Users\ASUS\Desktop\dersler\Derinogrenme_proje5\FracAtlas\images\Fractured\IMG0003294.jpg,1
C:\Users\ASUS\Desktop\dersler\Derinogrenme_proje5\FracAtlas\images\Fractured\IMG0002486.jpg,1
C:\Users\ASUS\Desktop\dersler\Derinogrenme_proje5\FracAtlas\images\Non_fractured\IMG0000987.jpg,0
C:\Users\ASUS\Desktop\dersler\Derinogrenme_proje5\FracAtlas\images\Non_fractured\IMG0003775.jpg,0
C:\Users\ASUS\Desktop\dersler\Derinogrenme_proje5\FracAtlas\images\Non_fractured\IMG0003505.jpg,0
C:\Users\ASUS\Desktop\dersler\Derinogrenme_proje5\FracAtlas\images\Non_fractured\IMG0000024.jpg,0
C:\Users\ASUS\Desktop\dersler\Derinogrenme_proje5\FracAtlas\images\Non_fractured\IMG0001636.jpg,0
C:\Users\ASUS\Desktop\dersler\Derinogrenme_proje5\FracAtlas\images\Non_fractured\IMG0003196.jpg,0
C:\Users\ASUS\Desktop\dersler\Derinogrenme_proje5\FracAtlas\images\Fractured\IMG0003785.jpg,1
C:\Users\ASUS\Desktop\dersler\Derinogrenme_proje5\FracAtlas\images\Non_fractured\IMG0001304.jpg,0
C:\Users\ASUS\Desktop\dersler\Derinogrenme_proje5\FracAtlas\images\Non_fractured\IMG0001263.jpg,0
C:\Users\ASUS\Desktop\dersler\Derinogrenme_proje5\FracAtlas\images\Non_fractured\IMG0000412.jpg,0
C:\Users\ASUS\Desktop\dersler\Derinogrenme_proje5\FracAtlas\images\Non_fractured\IMG0000674.jpg,0
C:\Users\ASUS\Desktop\dersler\Derinogrenme_proje5\FracAtlas\images\Non_fractured\IMG0001598.jpg,0
C:\Users\ASUS\Desktop\dersler\Derinogrenme_proje5\FracAtlas\images\Non_fractured\IMG0003518.jpg,0
C:\Users\ASUS\Desktop\dersler\Derinogrenme_proje5\FracAtlas\images\Non_fractured\IMG0000252.jpg,0
C:\Users\ASUS\Desktop\dersler\Derinogrenme_proje5\FracAtlas\images\Non_fractured\IMG0000863.jpg,0
C:\Users\ASUS\Desktop\dersler\Derinogrenme_proje5\FracAtlas\images\Fractured\IMG0003954.jpg,1
C:\Users\ASUS\Desktop\dersler\Derinogrenme_proje5\FracAtlas\images\Non_fractured\IMG0000873.jpg,0
C:\Users\ASUS\Desktop\dersler\Derinogrenme_proje5\FracAtlas\images\Non_fractured\IMG0000091.jpg,0
C:\Users\ASUS\Desktop\dersler\Derinogrenme_proje5\FracAtlas\images\Non_fractured\IMG0001397.jpg,0
C:\Users\ASUS\Desktop\dersler\Derinogrenme_proje5\FracAtlas\images\Non_fractured\IMG0002288.jpg,0
C:\Users\ASUS\Desktop\dersler\Derinogrenme_proje5\FracAtlas\images\Non_fractured\IMG0001910.jpg,0
C:\Users\ASUS\Desktop\dersler\Derinogrenme_proje5\FracAtlas\images\Non_fractured\IMG0002067.jpg,0
C:\Users\ASUS\Desktop\dersler\Derinogrenme_proje5\FracAtlas\images\Non_fractured\IMG0002667.jpg,0
C:\Users\ASUS\Desktop\dersler\Derinogrenme_proje5\FracAtlas\images\Non_fractured\IMG0001986.jpg,0
C:\Users\ASUS\Desktop\dersler\Derinogrenme_proje5\FracAtlas\images\Fractured\IMG0002475.jpg,1
C:\Users\ASUS\Desktop\dersler\Derinogrenme_proje5\FracAtlas\images\Non_fractured\IMG0002680.jpg,0
C:\Users\ASUS\Desktop\dersler\Derinogrenme_proje5\FracAtlas\images\Non_fractured\IMG0000123.jpg,0
C:\Users\ASUS\Desktop\dersler\Derinogrenme_proje5\FracAtlas\images\Fractured\IMG0003165.jpg,1
C:\Users\ASUS\Desktop\dersler\Derinogrenme_proje5\FracAtlas\images\Non_fractured\IMG0000640.jpg,0
C:\Users\ASUS\Desktop\dersler\Derinogrenme_proje5\FracAtlas\images\Non_fractured\IMG0004106.jpg,0
C:\Users\ASUS\Desktop\dersler\Derinogrenme_proje5\FracAtlas\images\Fractured\IMG0002397.jpg,1
C:\Users\ASUS\Desktop\dersler\Derinogrenme_proje5\FracAtlas\images\Non_fractured\IMG0003462.jpg,0
C:\Users\ASUS\Desktop\dersler\Derinogrenme_proje5\FracAtlas\images\Non_fractured\IMG0002801.jpg,0
C:\Users\ASUS\Desktop\dersler\Derinogrenme_proje5\FracAtlas\images\Non_fractured\IMG0002762.jpg,0
C:\Users\ASUS\Desktop\dersler\Derinogrenme_proje5\FracAtlas\images\Fractured\IMG0002355.jpg,1
C:\Users\ASUS\Desktop\dersler\Derinogrenme_proje5\FracAtlas\images\Non_fractured\IMG0002963.jpg,0
C:\Users\ASUS\Desktop\dersler\Derinogrenme_proje5\FracAtlas\images\Fractured\IMG0002999.jpg,1
C:\Users\ASUS\Desktop\dersler\Derinogrenme_proje5\FracAtlas\images\Non_fractured\IMG0000872.jpg,0
C:\Users\ASUS\Desktop\dersler\Derinogrenme_proje5\FracAtlas\images\Non_fractured\IMG0001997.jpg,0
C:\Users\ASUS\Desktop\dersler\Derinogrenme_proje5\FracAtlas\images\Non_fractured\IMG0000717.jpg,0
C:\Users\ASUS\Desktop\dersler\Derinogrenme_proje5\FracAtlas\images\Non_fractured\IMG0002675.jpg,0
C:\Users\ASUS\Desktop\dersler\Derinogrenme_proje5\FracAtlas\images\Non_fractured\IMG0001153.jpg,0
C:\Users\ASUS\Desktop\dersler\Derinogrenme_proje5\FracAtlas\images\Non_fractured\IMG0001873.jpg,0
C:\Users\ASUS\Desktop\dersler\Derinogrenme_proje5\FracAtlas\images\Non_fractured\IMG0000088.jpg,0
C:\Users\ASUS\Desktop\dersler\Derinogrenme_proje5\FracAtlas\images\Non_fractured\IMG0003402.jpg,0
C:\Users\ASUS\Desktop\dersler\Derinogrenme_proje5\FracAtlas\images\Non_fractured\IMG0003385.jpg,0
C:\Users\ASUS\Desktop\dersler\Derinogrenme_proje5\FracAtlas\images\Non_fractured\IMG0000279.jpg,0
C:\Users\ASUS\Desktop\dersler\Derinogrenme_proje5\FracAtlas\images\Non_fractured\IMG0000986.jpg,0
C:\Users\ASUS\Desktop\dersler\Derinogrenme_proje5\FracAtlas\images\Non_fractured\IMG0001480.jpg,0
C:\Users\ASUS\Desktop\dersler\Derinogrenme_proje5\FracAtlas\images\Non_fractured\IMG0000046.jpg,0
C:\Users\ASUS\Desktop\dersler\Derinogrenme_proje5\FracAtlas\images\Non_fractured\IMG0000429.jpg,0
C:\Users\ASUS\Desktop\dersler\Derinogrenme_proje5\FracAtlas\images\Non_fractured\IMG0003661.jpg,0
C:\Users\ASUS\Desktop\dersler\Derinogrenme_proje5\FracAtlas\images\Non_fractured\IMG0002993.jpg,0
C:\Users\ASUS\Desktop\dersler\Derinogrenme_proje5\FracAtlas\images\Non_fractured\IMG0000739.jpg,0
C:\Users\ASUS\Desktop\dersler\Derinogrenme_proje5\FracAtlas\images\Non_fractured\IMG0001989.jpg,0
C:\Users\ASUS\Desktop\dersler\Derinogrenme_proje5\FracAtlas\images\Non_fractured\IMG0003471.jpg,0
C:\Users\ASUS\Desktop\dersler\Derinogrenme_proje5\FracAtlas\images\Non_fractured\IMG0001927.jpg,0
C:\Users\ASUS\Desktop\dersler\Derinogrenme_proje5\FracAtlas\images\Fractured\IMG0003338.jpg,1
C:\Users\ASUS\Desktop\dersler\Derinogrenme_proje5\FracAtlas\images\Non_fractured\IMG0001504.jpg,0
C:\Users\ASUS\Desktop\dersler\Derinogrenme_proje5\FracAtlas\images\Non_fractured\IMG0003082.jpg,0
C:\Users\ASUS\Desktop\dersler\Derinogrenme_proje5\FracAtlas\images\Non_fractured\IMG0001789.jpg,0
C:\Users\ASUS\Desktop\dersler\Derinogrenme_proje5\FracAtlas\images\Non_fractured\IMG0001753.jpg,0
C:\Users\ASUS\Desktop\dersler\Derinogrenme_proje5\FracAtlas\images\Non_fractured\IMG0003140.jpg,0
C:\Users\ASUS\Desktop\dersler\Derinogrenme_proje5\FracAtlas\images\Non_fractured\IMG0000282.jpg,0
C:\Users\ASUS\Desktop\dersler\Derinogrenme_proje5\FracAtlas\images\Non_fractured\IMG0001786.jpg,0
C:\Users\ASUS\Desktop\dersler\Derinogrenme_proje5\FracAtlas\images\Non_fractured\IMG0003461.jpg,0
C:\Users\ASUS\Desktop\dersler\Derinogrenme_proje5\FracAtlas\images\Non_fractured\IMG0001963.jpg,0
C:\Users\ASUS\Desktop\dersler\Derinogrenme_proje5\FracAtlas\images\Non_fractured\IMG0000706.jpg,0
C:\Users\ASUS\Desktop\dersler\Derinogrenme_proje5\FracAtlas\images\Non_fractured\IMG0003120.jpg,0
C:\Users\ASUS\Desktop\dersler\Derinogrenme_proje5\FracAtlas\images\Non_fractured\IMG0002253.jpg,0
C:\Users\ASUS\Desktop\dersler\Derinogrenme_proje5\FracAtlas\images\Non_fractured\IMG0003594.jpg,0
C:\Users\ASUS\Desktop\dersler\Derinogrenme_proje5\FracAtlas\images\Non_fractured\IMG0003834.jpg,0
C:\Users\ASUS\Desktop\dersler\Derinogrenme_proje5\FracAtlas\images\Fractured\IMG0004209.jpg,1
C:\Users\ASUS\Desktop\dersler\Derinogrenme_proje5\FracAtlas\images\Non_fractured\IMG0000238.jpg,0
C:\Users\ASUS\Desktop\dersler\Derinogrenme_proje5\FracAtlas\images\Non_fractured\IMG0000664.jpg,0
C:\Users\ASUS\Desktop\dersler\Derinogrenme_proje5\FracAtlas\images\Non_fractured\IMG0001920.jpg,0
C:\Users\ASUS\Desktop\dersler\Derinogrenme_proje5\FracAtlas\images\Non_fractured\IMG0001443.jpg,0
C:\Users\ASUS\Desktop\dersler\Derinogrenme_proje5\FracAtlas\images\Non_fractured\IMG0003961.jpg,0
C:\Users\ASUS\Desktop\dersler\Derinogrenme_proje5\FracAtlas\images\Non_fractured\IMG0003464.jpg,0
C:\Users\ASUS\Desktop\dersler\Derinogrenme_proje5\FracAtlas\images\Fractured\IMG0002572.jpg,1
C:\Users\ASUS\Desktop\dersler\Derinogrenme_proje5\FracAtlas\images\Non_fractured\IMG0000997.jpg,0
C:\Users\ASUS\Desktop\dersler\Derinogrenme_proje5\FracAtlas\images\Fractured\IMG0004009.jpg,1
C:\Users\ASUS\Desktop\dersler\Derinogrenme_proje5\FracAtlas\images\Fractured\IMG0001382.jpg,1
C:\Users\ASUS\Desktop\dersler\Derinogrenme_proje5\FracAtlas\images\Non_fractured\IMG0003456.jpg,0
C:\Users\ASUS\Desktop\dersler\Derinogrenme_proje5\FracAtlas\images\Non_fractured\IMG0003049.jpg,0
C:\Users\ASUS\Desktop\dersler\Derinogrenme_proje5\FracAtlas\images\Non_fractured\IMG0004173.jpg,0
C:\Users\ASUS\Desktop\dersler\Derinogrenme_proje5\FracAtlas\images\Non_fractured\IMG0000848.jpg,0
C:\Users\ASUS\Desktop\dersler\Derinogrenme_proje5\FracAtlas\images\Non_fractured\IMG0001332.jpg,0
C:\Users\ASUS\Desktop\dersler\Derinogrenme_proje5\FracAtlas\images\Non_fractured\IMG0004227.jpg,0
C:\Users\ASUS\Desktop\dersler\Derinogrenme_proje5\FracAtlas\images\Non_fractured\IMG0000723.jpg,0
C:\Users\ASUS\Desktop\dersler\Derinogrenme_proje5\FracAtlas\images\Non_fractured\IMG0003747.jpg,0
C:\Users\ASUS\Desktop\dersler\Derinogrenme_proje5\FracAtlas\images\Non_fractured\IMG0001005.jpg,0
C:\Users\ASUS\Desktop\dersler\Derinogrenme_proje5\FracAtlas\images\Non_fractured\IMG0003711.jpg,0
C:\Users\ASUS\Desktop\dersler\Derinogrenme_proje5\FracAtlas\images\Non_fractured\IMG0002984.jpg,0
C:\Users\ASUS\Desktop\dersler\Derinogrenme_proje5\FracAtlas\images\Non_fractured\IMG0003608.jpg,0
C:\Users\ASUS\Desktop\dersler\Derinogrenme_proje5\FracAtlas\images\Non_fractured\IMG0003971.jpg,0
C:\Users\ASUS\Desktop\dersler\Derinogrenme_proje5\FracAtlas\images\Non_fractured\IMG0001328.jpg,0
C:\Users\ASUS\Desktop\dersler\Derinogrenme_proje5\FracAtlas\images\Non_fractured\IMG0001883.jpg,0
C:\Users\ASUS\Desktop\dersler\Derinogrenme_proje5\FracAtlas\images\Non_fractured\IMG0000129.jpg,0
C:\Users\ASUS\Desktop\dersler\Derinogrenme_proje5\FracAtlas\images\Non_fractured\IMG0002013.jpg,0
C:\Users\ASUS\Desktop\dersler\Derinogrenme_proje5\FracAtlas\images\Non_fractured\IMG0003296.jpg,0
C:\Users\ASUS\Desktop\dersler\Derinogrenme_proje5\FracAtlas\images\Non_fractured\IMG0000507.jpg,0
C:\Users\ASUS\Desktop\dersler\Derinogrenme_proje5\FracAtlas\images\Non_fractured\IMG0003444.jpg,0
C:\Users\ASUS\Desktop\dersler\Derinogrenme_proje5\FracAtlas\images\Non_fractured\IMG0000972.jpg,0
C:\Users\ASUS\Desktop\dersler\Derinogrenme_proje5\FracAtlas\images\Fractured\IMG0002383.jpg,1
C:\Users\ASUS\Desktop\dersler\Derinogrenme_proje5\FracAtlas\images\Non_fractured\IMG0000310.jpg,0
C:\Users\ASUS\Desktop\dersler\Derinogrenme_proje5\FracAtlas\images\Non_fractured\IMG0003242.jpg,0
C:\Users\ASUS\Desktop\dersler\Derinogrenme_proje5\FracAtlas\images\Non_fractured\IMG0000764.jpg,0
C:\Users\ASUS\Desktop\dersler\Derinogrenme_proje5\FracAtlas\images\Fractured\IMG0002529.jpg,1
C:\Users\ASUS\Desktop\dersler\Derinogrenme_proje5\FracAtlas\images\Non_fractured\IMG0001565.jpg,0
C:\Users\ASUS\Desktop\dersler\Derinogrenme_proje5\FracAtlas\images\Fractured\IMG0002477.jpg,1
C:\Users\ASUS\Desktop\dersler\Derinogrenme_proje5\FracAtlas\images\Non_fractured\IMG0003380.jpg,0
C:\Users\ASUS\Desktop\dersler\Derinogrenme_proje5\FracAtlas\images\Fractured\IMG0002732.jpg,1
C:\Users\ASUS\Desktop\dersler\Derinogrenme_proje5\FracAtlas\images\Non_fractured\IMG0002102.jpg,0
C:\Users\ASUS\Desktop\dersler\Derinogrenme_proje5\FracAtlas\images\Non_fractured\IMG0000362.jpg,0
C:\Users\ASUS\Desktop\dersler\Derinogrenme_proje5\FracAtlas\images\Non_fractured\IMG0002912.jpg,0
C:\Users\ASUS\Desktop\dersler\Derinogrenme_proje5\FracAtlas\images\Non_fractured\IMG0002258.jpg,0
C:\Users\ASUS\Desktop\dersler\Derinogrenme_proje5\FracAtlas\images\Non_fractured\IMG0001615.jpg,0
C:\Users\ASUS\Desktop\dersler\Derinogrenme_proje5\FracAtlas\images\Non_fractured\IMG0002837.jpg,0
C:\Users\ASUS\Desktop\dersler\Derinogrenme_proje5\FracAtlas\images\Non_fractured\IMG0002742.jpg,0
C:\Users\ASUS\Desktop\dersler\Derinogrenme_proje5\FracAtlas\images\Non_fractured\IMG0004073.jpg,0
C:\Users\ASUS\Desktop\dersler\Derinogrenme_proje5\FracAtlas\images\Fractured\IMG0002535.jpg,1
C:\Users\ASUS\Desktop\dersler\Derinogrenme_proje5\FracAtlas\images\Non_fractured\IMG0001429.jpg,0
C:\Users\ASUS\Desktop\dersler\Derinogrenme_proje5\FracAtlas\images\Non_fractured\IMG0000549.jpg,0
C:\Users\ASUS\Desktop\dersler\Derinogrenme_proje5\FracAtlas\images\Non_fractured\IMG0003534.jpg,0
C:\Users\ASUS\Desktop\dersler\Derinogrenme_proje5\FracAtlas\images\Non_fractured\IMG0003100.jpg,0
C:\Users\ASUS\Desktop\dersler\Derinogrenme_proje5\FracAtlas\images\Non_fractured\IMG0003317.jpg,0
C:\Users\ASUS\Desktop\dersler\Derinogrenme_proje5\FracAtlas\images\Non_fractured\IMG0001643.jpg,0
C:\Users\ASUS\Desktop\dersler\Derinogrenme_proje5\FracAtlas\images\Fractured\IMG0002455.jpg,1
C:\Users\ASUS\Desktop\dersler\Derinogrenme_proje5\FracAtlas\images\Fractured\IMG0004207.jpg,1
C:\Users\ASUS\Desktop\dersler\Derinogrenme_proje5\FracAtlas\images\Non_fractured\IMG0001708.jpg,0
C:\Users\ASUS\Desktop\dersler\Derinogrenme_proje5\FracAtlas\images\Non_fractured\IMG0003468.jpg,0
C:\Users\ASUS\Desktop\dersler\Derinogrenme_proje5\FracAtlas\images\Non_fractured\IMG0001857.jpg,0
C:\Users\ASUS\Desktop\dersler\Derinogrenme_proje5\FracAtlas\images\Non_fractured\IMG0000414.jpg,0
C:\Users\ASUS\Desktop\dersler\Derinogrenme_proje5\FracAtlas\images\Non_fractured\IMG0002212.jpg,0
C:\Users\ASUS\Desktop\dersler\Derinogrenme_proje5\FracAtlas\images\Non_fractured\IMG0002624.jpg,0
C:\Users\ASUS\Desktop\dersler\Derinogrenme_proje5\FracAtlas\images\Non_fractured\IMG0002923.jpg,0
C:\Users\ASUS\Desktop\dersler\Derinogrenme_proje5\FracAtlas\images\Non_fractured\IMG0003853.jpg,0
C:\Users\ASUS\Desktop\dersler\Derinogrenme_proje5\FracAtlas\images\Non_fractured\IMG0002692.jpg,0
C:\Users\ASUS\Desktop\dersler\Derinogrenme_proje5\FracAtlas\images\Non_fractured\IMG0003688.jpg,0
C:\Users\ASUS\Desktop\dersler\Derinogrenme_proje5\FracAtlas\images\Non_fractured\IMG0003051.jpg,0
C:\Users\ASUS\Desktop\dersler\Derinogrenme_proje5\FracAtlas\images\Fractured\IMG0000454.jpg,1
C:\Users\ASUS\Desktop\dersler\Derinogrenme_proje5\FracAtlas\images\Non_fractured\IMG0003401.jpg,0
C:\Users\ASUS\Desktop\dersler\Derinogrenme_proje5\FracAtlas\images\Non_fractured\IMG0002948.jpg,0
C:\Users\ASUS\Desktop\dersler\Derinogrenme_proje5\FracAtlas\images\Non_fractured\IMG0004109.jpg,0
C:\Users\ASUS\Desktop\dersler\Derinogrenme_proje5\FracAtlas\images\Non_fractured\IMG0003741.jpg,0
C:\Users\ASUS\Desktop\dersler\Derinogrenme_proje5\FracAtlas\images\Non_fractured\IMG0002958.jpg,0
C:\Users\ASUS\Desktop\dersler\Derinogrenme_proje5\FracAtlas\images\Non_fractured\IMG0000402.jpg,0
C:\Users\ASUS\Desktop\dersler\Derinogrenme_proje5\FracAtlas\images\Non_fractured\IMG0003365.jpg,0
C:\Users\ASUS\Desktop\dersler\Derinogrenme_proje5\FracAtlas\images\Non_fractured\IMG0000165.jpg,0
C:\Users\ASUS\Desktop\dersler\Derinogrenme_proje5\FracAtlas\images\Non_fractured\IMG0000447.jpg,0
C:\Users\ASUS\Desktop\dersler\Derinogrenme_proje5\FracAtlas\images\Fractured\IMG0001367.jpg,1
C:\Users\ASUS\Desktop\dersler\Derinogrenme_proje5\FracAtlas\images\Fractured\IMG0002467.jpg,1
C:\Users\ASUS\Desktop\dersler\Derinogrenme_proje5\FracAtlas\images\Fractured\IMG0002358.jpg,1
C:\Users\ASUS\Desktop\dersler\Derinogrenme_proje5\FracAtlas\images\Non_fractured\IMG0000398.jpg,0
C:\Users\ASUS\Desktop\dersler\Derinogrenme_proje5\FracAtlas\images\Non_fractured\IMG0000269.jpg,0
C:\Users\ASUS\Desktop\dersler\Derinogrenme_proje5\FracAtlas\images\Non_fractured\IMG0001540.jpg,0
C:\Users\ASUS\Desktop\dersler\Derinogrenme_proje5\FracAtlas\images\Non_fractured\IMG0002145.jpg,0
C:\Users\ASUS\Desktop\dersler\Derinogrenme_proje5\FracAtlas\images\Non_fractured\IMG0000560.jpg,0
C:\Users\ASUS\Desktop\dersler\Derinogrenme_proje5\FracAtlas\images\Non_fractured\IMG0003499.jpg,0
C:\Users\ASUS\Desktop\dersler\Derinogrenme_proje5\FracAtlas\images\Non_fractured\IMG0001663.jpg,0
C:\Users\ASUS\Desktop\dersler\Derinogrenme_proje5\FracAtlas\images\Fractured\IMG0003182.jpg,1
C:\Users\ASUS\Desktop\dersler\Derinogrenme_proje5\FracAtlas\images\Non_fractured\IMG0000236.jpg,0
C:\Users\ASUS\Desktop\dersler\Derinogrenme_proje5\FracAtlas\images\Non_fractured\IMG0000073.jpg,0
C:\Users\ASUS\Desktop\dersler\Derinogrenme_proje5\FracAtlas\images\Non_fractured\IMG0000302.jpg,0
C:\Users\ASUS\Desktop\dersler\Derinogrenme_proje5\FracAtlas\images\Non_fractured\IMG0003508.jpg,0
C:\Users\ASUS\Desktop\dersler\Derinogrenme_proje5\FracAtlas\images\Non_fractured\IMG0003796.jpg,0
C:\Users\ASUS\Desktop\dersler\Derinogrenme_proje5\FracAtlas\images\Non_fractured\IMG0001831.jpg,0
C:\Users\ASUS\Desktop\dersler\Derinogrenme_proje5\FracAtlas\images\Non_fractured\IMG0001538.jpg,0
C:\Users\ASUS\Desktop\dersler\Derinogrenme_proje5\FracAtlas\images\Non_fractured\IMG0001678.jpg,0
C:\Users\ASUS\Desktop\dersler\Derinogrenme_proje5\FracAtlas\images\Non_fractured\IMG0000947.jpg,0
C:\Users\ASUS\Desktop\dersler\Derinogrenme_proje5\FracAtlas\images\Non_fractured\IMG0004371.jpg,0
C:\Users\ASUS\Desktop\dersler\Derinogrenme_proje5\FracAtlas\images\Non_fractured\IMG0003718.jpg,0
C:\Users\ASUS\Desktop\dersler\Derinogrenme_proje5\FracAtlas\images\Fractured\IMG0003233.jpg,1
C:\Users\ASUS\Desktop\dersler\Derinogrenme_proje5\FracAtlas\images\Non_fractured\IMG0000790.jpg,0
C:\Users\ASUS\Desktop\dersler\Derinogrenme_proje5\FracAtlas\images\Fractured\IMG0002020.jpg,1
C:\Users\ASUS\Desktop\dersler\Derinogrenme_proje5\FracAtlas\images\Non_fractured\IMG0002794.jpg,0
C:\Users\ASUS\Desktop\dersler\Derinogrenme_proje5\FracAtlas\images\Fractured\IMG0002368.jpg,1
C:\Users\ASUS\Desktop\dersler\Derinogrenme_proje5\FracAtlas\images\Non_fractured\IMG0001908.jpg,0
C:\Users\ASUS\Desktop\dersler\Derinogrenme_proje5\FracAtlas\images\Non_fractured\IMG0000027.jpg,0
C:\Users\ASUS\Desktop\dersler\Derinogrenme_proje5\FracAtlas\images\Non_fractured\IMG0000328.jpg,0
C:\Users\ASUS\Desktop\dersler\Derinogrenme_proje5\FracAtlas\images\Non_fractured\IMG0001990.jpg,0
C:\Users\ASUS\Desktop\dersler\Derinogrenme_proje5\FracAtlas\images\Non_fractured\IMG0003841.jpg,0
C:\Users\ASUS\Desktop\dersler\Derinogrenme_proje5\FracAtlas\images\Non_fractured\IMG0000161.jpg,0
C:\Users\ASUS\Desktop\dersler\Derinogrenme_proje5\FracAtlas\images\Non_fractured\IMG0003486.jpg,0
C:\Users\ASUS\Desktop\dersler\Derinogrenme_proje5\FracAtlas\images\Non_fractured\IMG0003692.jpg,0
C:\Users\ASUS\Desktop\dersler\Derinogrenme_proje5\FracAtlas\images\Non_fractured\IMG0001419.jpg,0
C:\Users\ASUS\Desktop\dersler\Derinogrenme_proje5\FracAtlas\images\Non_fractured\IMG0002702.jpg,0
C:\Users\ASUS\Desktop\dersler\Derinogrenme_proje5\FracAtlas\images\Non_fractured\IMG0000676.jpg,0
C:\Users\ASUS\Desktop\dersler\Derinogrenme_proje5\FracAtlas\images\Non_fractured\IMG0001177.jpg,0
C:\Users\ASUS\Desktop\dersler\Derinogrenme_proje5\FracAtlas\images\Non_fractured\IMG0003540.jpg,0
C:\Users\ASUS\Desktop\dersler\Derinogrenme_proje5\FracAtlas\images\Non_fractured\IMG0002715.jpg,0
C:\Users\ASUS\Desktop\dersler\Derinogrenme_proje5\FracAtlas\images\Non_fractured\IMG0003329.jpg,0
C:\Users\ASUS\Desktop\dersler\Derinogrenme_proje5\FracAtlas\images\Fractured\IMG0004151.jpg,1
C:\Users\ASUS\Desktop\dersler\Derinogrenme_proje5\FracAtlas\images\Non_fractured\IMG0000166.jpg,0
C:\Users\ASUS\Desktop\dersler\Derinogrenme_proje5\FracAtlas\images\Non_fractured\IMG0000797.jpg,0
C:\Users\ASUS\Desktop\dersler\Derinogrenme_proje5\FracAtlas\images\Non_fractured\IMG0002683.jpg,0
C:\Users\ASUS\Desktop\dersler\Derinogrenme_proje5\FracAtlas\images\Non_fractured\IMG0003115.jpg,0
C:\Users\ASUS\Desktop\dersler\Derinogrenme_proje5\FracAtlas\images\Non_fractured\IMG0001757.jpg,0
C:\Users\ASUS\Desktop\dersler\Derinogrenme_proje5\FracAtlas\images\Non_fractured\IMG0003148.jpg,0
C:\Users\ASUS\Desktop\dersler\Derinogrenme_proje5\FracAtlas\images\Non_fractured\IMG0004310.jpg,0
C:\Users\ASUS\Desktop\dersler\Derinogrenme_proje5\FracAtlas\images\Non_fractured\IMG0000064.jpg,0
C:\Users\ASUS\Desktop\dersler\Derinogrenme_proje5\FracAtlas\images\Non_fractured\IMG0001579.jpg,0
C:\Users\ASUS\Desktop\dersler\Derinogrenme_proje5\FracAtlas\images\Non_fractured\IMG0003067.jpg,0
C:\Users\ASUS\Desktop\dersler\Derinogrenme_proje5\FracAtlas\images\Non_fractured\IMG0001784.jpg,0
C:\Users\ASUS\Desktop\dersler\Derinogrenme_proje5\FracAtlas\images\Non_fractured\IMG0003888.jpg,0
C:\Users\ASUS\Desktop\dersler\Derinogrenme_proje5\FracAtlas\images\Non_fractured\IMG0000198.jpg,0
C:\Users\ASUS\Desktop\dersler\Derinogrenme_proje5\FracAtlas\images\Non_fractured\IMG0000918.jpg,0
C:\Users\ASUS\Desktop\dersler\Derinogrenme_proje5\FracAtlas\images\Non_fractured\IMG0003350.jpg,0
C:\Users\ASUS\Desktop\dersler\Derinogrenme_proje5\FracAtlas\images\Non_fractured\IMG0001940.jpg,0
C:\Users\ASUS\Desktop\dersler\Derinogrenme_proje5\FracAtlas\images\Non_fractured\IMG0003530.jpg,0
C:\Users\ASUS\Desktop\dersler\Derinogrenme_proje5\FracAtlas\images\Fractured\IMG0002505.jpg,1
C:\Users\ASUS\Desktop\dersler\Derinogrenme_proje5\FracAtlas\images\Non_fractured\IMG0000171.jpg,0
C:\Users\ASUS\Desktop\dersler\Derinogrenme_proje5\FracAtlas\images\Fractured\IMG0002832.jpg,1
C:\Users\ASUS\Desktop\dersler\Derinogrenme_proje5\FracAtlas\images\Non_fractured\IMG0003354.jpg,0
C:\Users\ASUS\Desktop\dersler\Derinogrenme_proje5\FracAtlas\images\Non_fractured\IMG0001465.jpg,0
C:\Users\ASUS\Desktop\dersler\Derinogrenme_proje5\FracAtlas\images\Non_fractured\IMG0000218.jpg,0
C:\Users\ASUS\Desktop\dersler\Derinogrenme_proje5\FracAtlas\images\Non_fractured\IMG0002003.jpg,0
C:\Users\ASUS\Desktop\dersler\Derinogrenme_proje5\FracAtlas\images\Fractured\IMG0002333.jpg,1
C:\Users\ASUS\Desktop\dersler\Derinogrenme_proje5\FracAtlas\images\Fractured\IMG0001148.jpg,1
C:\Users\ASUS\Desktop\dersler\Derinogrenme_proje5\FracAtlas\images\Non_fractured\IMG0002954.jpg,0
C:\Users\ASUS\Desktop\dersler\Derinogrenme_proje5\FracAtlas\images\Non_fractured\IMG0000349.jpg,0
C:\Users\ASUS\Desktop\dersler\Derinogrenme_proje5\FracAtlas\images\Non_fractured\IMG0003071.jpg,0
C:\Users\ASUS\Desktop\dersler\Derinogrenme_proje5\FracAtlas\images\Non_fractured\IMG0001960.jpg,0
C:\Users\ASUS\Desktop\dersler\Derinogrenme_proje5\FracAtlas\images\Non_fractured\IMG0003604.jpg,0
C:\Users\ASUS\Desktop\dersler\Derinogrenme_proje5\FracAtlas\images\Non_fractured\IMG0000855.jpg,0
C:\Users\ASUS\Desktop\dersler\Derinogrenme_proje5\FracAtlas\images\Fractured\IMG0002363.jpg,1
C:\Users\ASUS\Desktop\dersler\Derinogrenme_proje5\FracAtlas\images\Non_fractured\IMG0001031.jpg,0
C:\Users\ASUS\Desktop\dersler\Derinogrenme_proje5\FracAtlas\images\Non_fractured\IMG0001320.jpg,0
C:\Users\ASUS\Desktop\dersler\Derinogrenme_proje5\FracAtlas\images\Non_fractured\IMG0001400.jpg,0
C:\Users\ASUS\Desktop\dersler\Derinogrenme_proje5\FracAtlas\images\Non_fractured\IMG0002164.jpg,0
C:\Users\ASUS\Desktop\dersler\Derinogrenme_proje5\FracAtlas\images\Non_fractured\IMG0001405.jpg,0
C:\Users\ASUS\Desktop\dersler\Derinogrenme_proje5\FracAtlas\images\Non_fractured\IMG0002203.jpg,0
C:\Users\ASUS\Desktop\dersler\Derinogrenme_proje5\FracAtlas\images\Non_fractured\IMG0002042.jpg,0
C:\Users\ASUS\Desktop\dersler\Derinogrenme_proje5\FracAtlas\images\Non_fractured\IMG0000306.jpg,0
C:\Users\ASUS\Desktop\dersler\Derinogrenme_proje5\FracAtlas\images\Non_fractured\IMG0003999.jpg,0
C:\Users\ASUS\Desktop\dersler\Derinogrenme_proje5\FracAtlas\images\Non_fractured\IMG0002782.jpg,0
C:\Users\ASUS\Desktop\dersler\Derinogrenme_proje5\FracAtlas\images\Non_fractured\IMG0000234.jpg,0
C:\Users\ASUS\Desktop\dersler\Derinogrenme_proje5\FracAtlas\images\Non_fractured\IMG0001601.jpg,0
C:\Users\ASUS\Desktop\dersler\Derinogrenme_proje5\FracAtlas\images\Non_fractured\IMG0001668.jpg,0
C:\Users\ASUS\Desktop\dersler\Derinogrenme_proje5\FracAtlas\images\Non_fractured\IMG0000962.jpg,0
C:\Users\ASUS\Desktop\dersler\Derinogrenme_proje5\FracAtlas\images\Non_fractured\IMG0000440.jpg,0
C:\Users\ASUS\Desktop\dersler\Derinogrenme_proje5\FracAtlas\images\Non_fractured\IMG0003004.jpg,0
C:\Users\ASUS\Desktop\dersler\Derinogrenme_proje5\FracAtlas\images\Non_fractured\IMG0002830.jpg,0
C:\Users\ASUS\Desktop\dersler\Derinogrenme_proje5\FracAtlas\images\Non_fractured\IMG0001083.jpg,0
C:\Users\ASUS\Desktop\dersler\Derinogrenme_proje5\FracAtlas\images\Fractured\IMG0001916.jpg,1
C:\Users\ASUS\Desktop\dersler\Derinogrenme_proje5\FracAtlas\images\Non_fractured\IMG0000899.jpg,0
C:\Users\ASUS\Desktop\dersler\Derinogrenme_proje5\FracAtlas\images\Non_fractured\IMG0003576.jpg,0
C:\Users\ASUS\Desktop\dersler\Derinogrenme_proje5\FracAtlas\images\Fractured\IMG0002934.jpg,1
C:\Users\ASUS\Desktop\dersler\Derinogrenme_proje5\FracAtlas\images\Fractured\IMG0002490.jpg,1
C:\Users\ASUS\Desktop\dersler\Derinogrenme_proje5\FracAtlas\images\Non_fractured\IMG0003707.jpg,0
C:\Users\ASUS\Desktop\dersler\Derinogrenme_proje5\FracAtlas\images\Non_fractured\IMG0004228.jpg,0
C:\Users\ASUS\Desktop\dersler\Derinogrenme_proje5\FracAtlas\images\Non_fractured\IMG0000141.jpg,0
C:\Users\ASUS\Desktop\dersler\Derinogrenme_proje5\FracAtlas\images\Non_fractured\IMG0001586.jpg,0
C:\Users\ASUS\Desktop\dersler\Derinogrenme_proje5\FracAtlas\images\Non_fractured\IMG0000943.jpg,0
C:\Users\ASUS\Desktop\dersler\Derinogrenme_proje5\FracAtlas\images\Non_fractured\IMG0001294.jpg,0
C:\Users\ASUS\Desktop\dersler\Derinogrenme_proje5\FracAtlas\images\Non_fractured\IMG0001531.jpg,0
C:\Users\ASUS\Desktop\dersler\Derinogrenme_proje5\FracAtlas\images\Non_fractured\IMG0002160.jpg,0
C:\Users\ASUS\Desktop\dersler\Derinogrenme_proje5\FracAtlas\images\Non_fractured\IMG0002254.jpg,0
C:\Users\ASUS\Desktop\dersler\Derinogrenme_proje5\FracAtlas\images\Fractured\IMG0002593.jpg,1
C:\Users\ASUS\Desktop\dersler\Derinogrenme_proje5\FracAtlas\images\Non_fractured\IMG0003838.jpg,0
C:\Users\ASUS\Desktop\dersler\Derinogrenme_proje5\FracAtlas\images\Fractured\IMG0002439.jpg,1
C:\Users\ASUS\Desktop\dersler\Derinogrenme_proje5\FracAtlas\images\Non_fractured\IMG0003060.jpg,0
C:\Users\ASUS\Desktop\dersler\Derinogrenme_proje5\FracAtlas\images\Non_fractured\IMG0002155.jpg,0
C:\Users\ASUS\Desktop\dersler\Derinogrenme_proje5\FracAtlas\images\Non_fractured\IMG0003717.jpg,0
C:\Users\ASUS\Desktop\dersler\Derinogrenme_proje5\FracAtlas\images\Non_fractured\IMG0004154.jpg,0
C:\Users\ASUS\Desktop\dersler\Derinogrenme_proje5\FracAtlas\images\Non_fractured\IMG0002747.jpg,0
C:\Users\ASUS\Desktop\dersler\Derinogrenme_proje5\FracAtlas\images\Non_fractured\IMG0003204.jpg,0
C:\Users\ASUS\Desktop\dersler\Derinogrenme_proje5\FracAtlas\images\Fractured\IMG0003906.jpg,1
C:\Users\ASUS\Desktop\dersler\Derinogrenme_proje5\FracAtlas\images\Non_fractured\IMG0002252.jpg,0
C:\Users\ASUS\Desktop\dersler\Derinogrenme_proje5\FracAtlas\images\Non_fractured\IMG0003652.jpg,0
C:\Users\ASUS\Desktop\dersler\Derinogrenme_proje5\FracAtlas\images\Fractured\IMG0002122.jpg,1
C:\Users\ASUS\Desktop\dersler\Derinogrenme_proje5\FracAtlas\images\Non_fractured\IMG0003177.jpg,0
C:\Users\ASUS\Desktop\dersler\Derinogrenme_proje5\FracAtlas\images\Non_fractured\IMG0002051.jpg,0
C:\Users\ASUS\Desktop\dersler\Derinogrenme_proje5\FracAtlas\images\Non_fractured\IMG0002957.jpg,0
C:\Users\ASUS\Desktop\dersler\Derinogrenme_proje5\FracAtlas\images\Non_fractured\IMG0002656.jpg,0
C:\Users\ASUS\Desktop\dersler\Derinogrenme_proje5\FracAtlas\images\Non_fractured\IMG0003599.jpg,0
C:\Users\ASUS\Desktop\dersler\Derinogrenme_proje5\FracAtlas\images\Non_fractured\IMG0002853.jpg,0
C:\Users\ASUS\Desktop\dersler\Derinogrenme_proje5\FracAtlas\images\Non_fractured\IMG0001452.jpg,0
C:\Users\ASUS\Desktop\dersler\Derinogrenme_proje5\FracAtlas\images\Non_fractured\IMG0000879.jpg,0
C:\Users\ASUS\Desktop\dersler\Derinogrenme_proje5\FracAtlas\images\Fractured\IMG0002452.jpg,1
C:\Users\ASUS\Desktop\dersler\Derinogrenme_proje5\FracAtlas\images\Non_fractured\IMG0000273.jpg,0
C:\Users\ASUS\Desktop\dersler\Derinogrenme_proje5\FracAtlas\images\Non_fractured\IMG0002639.jpg,0
C:\Users\ASUS\Desktop\dersler\Derinogrenme_proje5\FracAtlas\images\Non_fractured\IMG0003426.jpg,0
C:\Users\ASUS\Desktop\dersler\Derinogrenme_proje5\FracAtlas\images\Non_fractured\IMG0003525.jpg,0
C:\Users\ASUS\Desktop\dersler\Derinogrenme_proje5\FracAtlas\images\Non_fractured\IMG0003474.jpg,0
C:\Users\ASUS\Desktop\dersler\Derinogrenme_proje5\FracAtlas\images\Fractured\IMG0002611.jpg,1
C:\Users\ASUS\Desktop\dersler\Derinogrenme_proje5\FracAtlas\images\Non_fractured\IMG0003377.jpg,0
C:\Users\ASUS\Desktop\dersler\Derinogrenme_proje5\FracAtlas\images\Non_fractured\IMG0004172.jpg,0
C:\Users\ASUS\Desktop\dersler\Derinogrenme_proje5\FracAtlas\images\Non_fractured\IMG0000937.jpg,0
C:\Users\ASUS\Desktop\dersler\Derinogrenme_proje5\FracAtlas\images\Non_fractured\IMG0002952.jpg,0
C:\Users\ASUS\Desktop\dersler\Derinogrenme_proje5\FracAtlas\images\Fractured\IMG0004007.jpg,1
C:\Users\ASUS\Desktop\dersler\Derinogrenme_proje5\FracAtlas\images\Non_fractured\IMG0001244.jpg,0
C:\Users\ASUS\Desktop\dersler\Derinogrenme_proje5\FracAtlas\images\Fractured\IMG0002831.jpg,1
C:\Users\ASUS\Desktop\dersler\Derinogrenme_proje5\FracAtlas\images\Non_fractured\IMG0002130.jpg,0
C:\Users\ASUS\Desktop\dersler\Derinogrenme_proje5\FracAtlas\images\Non_fractured\IMG0004105.jpg,0
C:\Users\ASUS\Desktop\dersler\Derinogrenme_proje5\FracAtlas\images\Non_fractured\IMG0002920.jpg,0
C:\Users\ASUS\Desktop\dersler\Derinogrenme_proje5\FracAtlas\images\Non_fractured\IMG0001894.jpg,0
C:\Users\ASUS\Desktop\dersler\Derinogrenme_proje5\FracAtlas\images\Fractured\IMG0002444.jpg,1
C:\Users\ASUS\Desktop\dersler\Derinogrenme_proje5\FracAtlas\images\Non_fractured\IMG0001629.jpg,0
C:\Users\ASUS\Desktop\dersler\Derinogrenme_proje5\FracAtlas\images\Fractured\IMG0003111.jpg,1
C:\Users\ASUS\Desktop\dersler\Derinogrenme_proje5\FracAtlas\images\Non_fractured\IMG0001862.jpg,0
C:\Users\ASUS\Desktop\dersler\Derinogrenme_proje5\FracAtlas\images\Non_fractured\IMG0000585.jpg,0
C:\Users\ASUS\Desktop\dersler\Derinogrenme_proje5\FracAtlas\images\Non_fractured\IMG0002066.jpg,0
C:\Users\ASUS\Desktop\dersler\Derinogrenme_proje5\FracAtlas\images\Non_fractured\IMG0001202.jpg,0
C:\Users\ASUS\Desktop\dersler\Derinogrenme_proje5\FracAtlas\images\Non_fractured\IMG0000568.jpg,0
C:\Users\ASUS\Desktop\dersler\Derinogrenme_proje5\FracAtlas\images\Fractured\IMG0003373.jpg,1
C:\Users\ASUS\Desktop\dersler\Derinogrenme_proje5\FracAtlas\images\Non_fractured\IMG0003445.jpg,0
C:\Users\ASUS\Desktop\dersler\Derinogrenme_proje5\FracAtlas\images\Non_fractured\IMG0001657.jpg,0
C:\Users\ASUS\Desktop\dersler\Derinogrenme_proje5\FracAtlas\images\Non_fractured\IMG0000814.jpg,0
C:\Users\ASUS\Desktop\dersler\Derinogrenme_proje5\FracAtlas\images\Non_fractured\IMG0000041.jpg,0
C:\Users\ASUS\Desktop\dersler\Derinogrenme_proje5\FracAtlas\images\Non_fractured\IMG0003856.jpg,0
C:\Users\ASUS\Desktop\dersler\Derinogrenme_proje5\FracAtlas\images\Non_fractured\IMG0002112.jpg,0
C:\Users\ASUS\Desktop\dersler\Derinogrenme_proje5\FracAtlas\images\Fractured\IMG0001780.jpg,1
C:\Users\ASUS\Desktop\dersler\Derinogrenme_proje5\FracAtlas\images\Non_fractured\IMG0003192.jpg,0
C:\Users\ASUS\Desktop\dersler\Derinogrenme_proje5\FracAtlas\images\Fractured\IMG0001870.jpg,1
C:\Users\ASUS\Desktop\dersler\Derinogrenme_proje5\FracAtlas\images\Non_fractured\IMG0001340.jpg,0
C:\Users\ASUS\Desktop\dersler\Derinogrenme_proje5\FracAtlas\images\Non_fractured\IMG0001574.jpg,0
C:\Users\ASUS\Desktop\dersler\Derinogrenme_proje5\FracAtlas\images\Non_fractured\IMG0000139.jpg,0
C:\Users\ASUS\Desktop\dersler\Derinogrenme_proje5\FracAtlas\images\Non_fractured\IMG0003689.jpg,0
C:\Users\ASUS\Desktop\dersler\Derinogrenme_proje5\FracAtlas\images\Non_fractured\IMG0000008.jpg,0
C:\Users\ASUS\Desktop\dersler\Derinogrenme_proje5\FracAtlas\images\Non_fractured\IMG0001979.jpg,0
C:\Users\ASUS\Desktop\dersler\Derinogrenme_proje5\FracAtlas\images\Non_fractured\IMG0000617.jpg,0
C:\Users\ASUS\Desktop\dersler\Derinogrenme_proje5\FracAtlas\images\Non_fractured\IMG0002965.jpg,0
C:\Users\ASUS\Desktop\dersler\Derinogrenme_proje5\FracAtlas\images\Non_fractured\IMG0002994.jpg,0
C:\Users\ASUS\Desktop\dersler\Derinogrenme_proje5\FracAtlas\images\Non_fractured\IMG0000224.jpg,0
C:\Users\ASUS\Desktop\dersler\Derinogrenme_proje5\FracAtlas\images\Fractured\IMG0000702.jpg,1
C:\Users\ASUS\Desktop\dersler\Derinogrenme_proje5\FracAtlas\images\Fractured\IMG0002557.jpg,1
C:\Users\ASUS\Desktop\dersler\Derinogrenme_proje5\FracAtlas\images\Non_fractured\IMG0001858.jpg,0
C:\Users\ASUS\Desktop\dersler\Derinogrenme_proje5\FracAtlas\images\Non_fractured\IMG0000546.jpg,0
C:\Users\ASUS\Desktop\dersler\Derinogrenme_proje5\FracAtlas\images\Non_fractured\IMG0003755.jpg,0
C:\Users\ASUS\Desktop\dersler\Derinogrenme_proje5\FracAtlas\images\Fractured\IMG0003851.jpg,1
C:\Users\ASUS\Desktop\dersler\Derinogrenme_proje5\FracAtlas\images\Non_fractured\IMG0002681.jpg,0
C:\Users\ASUS\Desktop\dersler\Derinogrenme_proje5\FracAtlas\images\Fractured\IMG0003381.jpg,1
C:\Users\ASUS\Desktop\dersler\Derinogrenme_proje5\FracAtlas\images\Non_fractured\IMG0003013.jpg,0
C:\Users\ASUS\Desktop\dersler\Derinogrenme_proje5\FracAtlas\images\Non_fractured\IMG0001375.jpg,0
C:\Users\ASUS\Desktop\dersler\Derinogrenme_proje5\FracAtlas\images\Fractured\IMG0002304.jpg,1
C:\Users\ASUS\Desktop\dersler\Derinogrenme_proje5\FracAtlas\images\Non_fractured\IMG0000561.jpg,0
C:\Users\ASUS\Desktop\dersler\Derinogrenme_proje5\FracAtlas\images\Non_fractured\IMG0001264.jpg,0
C:\Users\ASUS\Desktop\dersler\Derinogrenme_proje5\FracAtlas\images\Non_fractured\IMG0001966.jpg,0
C:\Users\ASUS\Desktop\dersler\Derinogrenme_proje5\FracAtlas\images\Non_fractured\IMG0002162.jpg,0
C:\Users\ASUS\Desktop\dersler\Derinogrenme_proje5\FracAtlas\images\Non_fractured\IMG0001013.jpg,0
C:\Users\ASUS\Desktop\dersler\Derinogrenme_proje5\FracAtlas\images\Non_fractured\IMG0003516.jpg,0
C:\Users\ASUS\Desktop\dersler\Derinogrenme_proje5\FracAtlas\images\Non_fractured\IMG0003682.jpg,0
C:\Users\ASUS\Desktop\dersler\Derinogrenme_proje5\FracAtlas\images\Fractured\IMG0002318.jpg,1
C:\Users\ASUS\Desktop\dersler\Derinogrenme_proje5\FracAtlas\images\Non_fractured\IMG0000718.jpg,0
C:\Users\ASUS\Desktop\dersler\Derinogrenme_proje5\FracAtlas\images\Fractured\IMG0002469.jpg,1
C:\Users\ASUS\Desktop\dersler\Derinogrenme_proje5\FracAtlas\images\Fractured\IMG0001731.jpg,1
C:\Users\ASUS\Desktop\dersler\Derinogrenme_proje5\FracAtlas\images\Non_fractured\IMG0001076.jpg,0
C:\Users\ASUS\Desktop\dersler\Derinogrenme_proje5\FracAtlas\images\Non_fractured\IMG0002010.jpg,0
C:\Users\ASUS\Desktop\dersler\Derinogrenme_proje5\FracAtlas\images\Non_fractured\IMG0000754.jpg,0
C:\Users\ASUS\Desktop\dersler\Derinogrenme_proje5\FracAtlas\images\Non_fractured\IMG0001219.jpg,0
C:\Users\ASUS\Desktop\dersler\Derinogrenme_proje5\FracAtlas\images\Non_fractured\IMG0001793.jpg,0
C:\Users\ASUS\Desktop\dersler\Derinogrenme_proje5\FracAtlas\images\Non_fractured\IMG0000539.jpg,0
C:\Users\ASUS\Desktop\dersler\Derinogrenme_proje5\FracAtlas\images\Non_fractured\IMG0000377.jpg,0
C:\Users\ASUS\Desktop\dersler\Derinogrenme_proje5\FracAtlas\images\Non_fractured\IMG0000730.jpg,0
C:\Users\ASUS\Desktop\dersler\Derinogrenme_proje5\FracAtlas\images\Non_fractured\IMG0001426.jpg,0
C:\Users\ASUS\Desktop\dersler\Derinogrenme_proje5\FracAtlas\images\Non_fractured\IMG0001342.jpg,0
C:\Users\ASUS\Desktop\dersler\Derinogrenme_proje5\FracAtlas\images\Non_fractured\IMG0001564.jpg,0
C:\Users\ASUS\Desktop\dersler\Derinogrenme_proje5\FracAtlas\images\Non_fractured\IMG0003125.jpg,0
C:\Users\ASUS\Desktop\dersler\Derinogrenme_proje5\FracAtlas\images\Non_fractured\IMG0000089.jpg,0
C:\Users\ASUS\Desktop\dersler\Derinogrenme_proje5\FracAtlas\images\Non_fractured\IMG0003058.jpg,0
C:\Users\ASUS\Desktop\dersler\Derinogrenme_proje5\FracAtlas\images\Non_fractured\IMG0000372.jpg,0
C:\Users\ASUS\Desktop\dersler\Derinogrenme_proje5\FracAtlas\images\Non_fractured\IMG0000028.jpg,0
C:\Users\ASUS\Desktop\dersler\Derinogrenme_proje5\FracAtlas\images\Non_fractured\IMG0003544.jpg,0
C:\Users\ASUS\Desktop\dersler\Derinogrenme_proje5\FracAtlas\images\Non_fractured\IMG0002939.jpg,0
C:\Users\ASUS\Desktop\dersler\Derinogrenme_proje5\FracAtlas\images\Fractured\IMG0002559.jpg,1
C:\Users\ASUS\Desktop\dersler\Derinogrenme_proje5\FracAtlas\images\Fractured\IMG0002443.jpg,1
C:\Users\ASUS\Desktop\dersler\Derinogrenme_proje5\FracAtlas\images\Non_fractured\IMG0000295.jpg,0
C:\Users\ASUS\Desktop\dersler\Derinogrenme_proje5\FracAtlas\images\Non_fractured\IMG0000249.jpg,0
C:\Users\ASUS\Desktop\dersler\Derinogrenme_proje5\FracAtlas\images\Non_fractured\IMG0001119.jpg,0
C:\Users\ASUS\Desktop\dersler\Derinogrenme_proje5\FracAtlas\images\Non_fractured\IMG0000502.jpg,0
C:\Users\ASUS\Desktop\dersler\Derinogrenme_proje5\FracAtlas\images\Non_fractured\IMG0000271.jpg,0
C:\Users\ASUS\Desktop\dersler\Derinogrenme_proje5\FracAtlas\images\Non_fractured\IMG0003174.jpg,0
C:\Users\ASUS\Desktop\dersler\Derinogrenme_proje5\FracAtlas\images\Non_fractured\IMG0004274.jpg,0
C:\Users\ASUS\Desktop\dersler\Derinogrenme_proje5\FracAtlas\images\Non_fractured\IMG0000337.jpg,0
C:\Users\ASUS\Desktop\dersler\Derinogrenme_proje5\FracAtlas\images\Non_fractured\IMG0002261.jpg,0
C:\Users\ASUS\Desktop\dersler\Derinogrenme_proje5\FracAtlas\images\Non_fractured\IMG0001689.jpg,0
C:\Users\ASUS\Desktop\dersler\Derinogrenme_proje5\FracAtlas\images\Non_fractured\IMG0002045.jpg,0
C:\Users\ASUS\Desktop\dersler\Derinogrenme_proje5\FracAtlas\images\Non_fractured\IMG0000235.jpg,0
C:\Users\ASUS\Desktop\dersler\Derinogrenme_proje5\FracAtlas\images\Fractured\IMG0001152.jpg,1
C:\Users\ASUS\Desktop\dersler\Derinogrenme_proje5\FracAtlas\images\Non_fractured\IMG0001892.jpg,0
C:\Users\ASUS\Desktop\dersler\Derinogrenme_proje5\FracAtlas\images\Non_fractured\IMG0001931.jpg,0
C:\Users\ASUS\Desktop\dersler\Derinogrenme_proje5\FracAtlas\images\Non_fractured\IMG0000920.jpg,0
C:\Users\ASUS\Desktop\dersler\Derinogrenme_proje5\FracAtlas\images\Non_fractured\IMG0002196.jpg,0
C:\Users\ASUS\Desktop\dersler\Derinogrenme_proje5\FracAtlas\images\Non_fractured\IMG0001143.jpg,0
C:\Users\ASUS\Desktop\dersler\Derinogrenme_proje5\FracAtlas\images\Non_fractured\IMG0002769.jpg,0
C:\Users\ASUS\Desktop\dersler\Derinogrenme_proje5\FracAtlas\images\Non_fractured\IMG0000630.jpg,0
C:\Users\ASUS\Desktop\dersler\Derinogrenme_proje5\FracAtlas\images\Non_fractured\IMG0004148.jpg,0
C:\Users\ASUS\Desktop\dersler\Derinogrenme_proje5\FracAtlas\images\Non_fractured\IMG0000563.jpg,0
C:\Users\ASUS\Desktop\dersler\Derinogrenme_proje5\FracAtlas\images\Non_fractured\IMG0000148.jpg,0
C:\Users\ASUS\Desktop\dersler\Derinogrenme_proje5\FracAtlas\images\Fractured\IMG0002745.jpg,1
C:\Users\ASUS\Desktop\dersler\Derinogrenme_proje5\FracAtlas\images\Non_fractured\IMG0002835.jpg,0
C:\Users\ASUS\Desktop\dersler\Derinogrenme_proje5\FracAtlas\images\Non_fractured\IMG0004119.jpg,0
C:\Users\ASUS\Desktop\dersler\Derinogrenme_proje5\FracAtlas\images\Non_fractured\IMG0002962.jpg,0
C:\Users\ASUS\Desktop\dersler\Derinogrenme_proje5\FracAtlas\images\Non_fractured\IMG0003592.jpg,0
C:\Users\ASUS\Desktop\dersler\Derinogrenme_proje5\FracAtlas\images\Fractured\IMG0003813.jpg,1
C:\Users\ASUS\Desktop\dersler\Derinogrenme_proje5\FracAtlas\images\Non_fractured\IMG0002815.jpg,0
C:\Users\ASUS\Desktop\dersler\Derinogrenme_proje5\FracAtlas\images\Non_fractured\IMG0000172.jpg,0
C:\Users\ASUS\Desktop\dersler\Derinogrenme_proje5\FracAtlas\images\Fractured\IMG0002471.jpg,1
C:\Users\ASUS\Desktop\dersler\Derinogrenme_proje5\FracAtlas\images\Non_fractured\IMG0002896.jpg,0
C:\Users\ASUS\Desktop\dersler\Derinogrenme_proje5\FracAtlas\images\Non_fractured\IMG0002064.jpg,0
C:\Users\ASUS\Desktop\dersler\Derinogrenme_proje5\FracAtlas\images\Non_fractured\IMG0003656.jpg,0
C:\Users\ASUS\Desktop\dersler\Derinogrenme_proje5\FracAtlas\images\Non_fractured\IMG0001413.jpg,0
C:\Users\ASUS\Desktop\dersler\Derinogrenme_proje5\FracAtlas\images\Non_fractured\IMG0001154.jpg,0
C:\Users\ASUS\Desktop\dersler\Derinogrenme_proje5\FracAtlas\images\Non_fractured\IMG0001954.jpg,0
C:\Users\ASUS\Desktop\dersler\Derinogrenme_proje5\FracAtlas\images\Non_fractured\IMG0000896.jpg,0
C:\Users\ASUS\Desktop\dersler\Derinogrenme_proje5\FracAtlas\images\Non_fractured\IMG0001994.jpg,0
C:\Users\ASUS\Desktop\dersler\Derinogrenme_proje5\FracAtlas\images\Non_fractured\IMG0001814.jpg,0
C:\Users\ASUS\Desktop\dersler\Derinogrenme_proje5\FracAtlas\images\Non_fractured\IMG0002232.jpg,0
C:\Users\ASUS\Desktop\dersler\Derinogrenme_proje5\FracAtlas\images\Non_fractured\IMG0001677.jpg,0
C:\Users\ASUS\Desktop\dersler\Derinogrenme_proje5\FracAtlas\images\Non_fractured\IMG0003081.jpg,0
C:\Users\ASUS\Desktop\dersler\Derinogrenme_proje5\FracAtlas\images\Non_fractured\IMG0003684.jpg,0
C:\Users\ASUS\Desktop\dersler\Derinogrenme_proje5\FracAtlas\images\Fractured\IMG0002549.jpg,1
C:\Users\ASUS\Desktop\dersler\Derinogrenme_proje5\FracAtlas\images\Non_fractured\IMG0001771.jpg,0
C:\Users\ASUS\Desktop\dersler\Derinogrenme_proje5\FracAtlas\images\Non_fractured\IMG0001958.jpg,0
C:\Users\ASUS\Desktop\dersler\Derinogrenme_proje5\FracAtlas\images\Non_fractured\IMG0001884.jpg,0
C:\Users\ASUS\Desktop\dersler\Derinogrenme_proje5\FracAtlas\images\Non_fractured\IMG0000248.jpg,0
C:\Users\ASUS\Desktop\dersler\Derinogrenme_proje5\FracAtlas\images\Non_fractured\IMG0000395.jpg,0
C:\Users\ASUS\Desktop\dersler\Derinogrenme_proje5\FracAtlas\images\Fractured\IMG0002372.jpg,1
C:\Users\ASUS\Desktop\dersler\Derinogrenme_proje5\FracAtlas\images\Non_fractured\IMG0000659.jpg,0
C:\Users\ASUS\Desktop\dersler\Derinogrenme_proje5\FracAtlas\images\Non_fractured\IMG0001004.jpg,0
C:\Users\ASUS\Desktop\dersler\Derinogrenme_proje5\FracAtlas\images\Non_fractured\IMG0001195.jpg,0
C:\Users\ASUS\Desktop\dersler\Derinogrenme_proje5\FracAtlas\images\Non_fractured\IMG0001053.jpg,0
C:\Users\ASUS\Desktop\dersler\Derinogrenme_proje5\FracAtlas\images\Non_fractured\IMG0000446.jpg,0
C:\Users\ASUS\Desktop\dersler\Derinogrenme_proje5\FracAtlas\images\Non_fractured\IMG0001293.jpg,0
C:\Users\ASUS\Desktop\dersler\Derinogrenme_proje5\FracAtlas\images\Fractured\IMG0003798.jpg,1
C:\Users\ASUS\Desktop\dersler\Derinogrenme_proje5\FracAtlas\images\Non_fractured\IMG0001996.jpg,0
C:\Users\ASUS\Desktop\dersler\Derinogrenme_proje5\FracAtlas\images\Non_fractured\IMG0001680.jpg,0
C:\Users\ASUS\Desktop\dersler\Derinogrenme_proje5\FracAtlas\images\Non_fractured\IMG0004236.jpg,0
C:\Users\ASUS\Desktop\dersler\Derinogrenme_proje5\FracAtlas\images\Non_fractured\IMG0001952.jpg,0
C:\Users\ASUS\Desktop\dersler\Derinogrenme_proje5\FracAtlas\images\Non_fractured\IMG0000621.jpg,0
C:\Users\ASUS\Desktop\dersler\Derinogrenme_proje5\FracAtlas\images\Non_fractured\IMG0001907.jpg,0
C:\Users\ASUS\Desktop\dersler\Derinogrenme_proje5\FracAtlas\images\Non_fractured\IMG0003446.jpg,0
C:\Users\ASUS\Desktop\dersler\Derinogrenme_proje5\FracAtlas\images\Non_fractured\IMG0002061.jpg,0
C:\Users\ASUS\Desktop\dersler\Derinogrenme_proje5\FracAtlas\images\Non_fractured\IMG0002278.jpg,0
C:\Users\ASUS\Desktop\dersler\Derinogrenme_proje5\FracAtlas\images\Non_fractured\IMG0003408.jpg,0
C:\Users\ASUS\Desktop\dersler\Derinogrenme_proje5\FracAtlas\images\Non_fractured\IMG0003285.jpg,0
C:\Users\ASUS\Desktop\dersler\Derinogrenme_proje5\FracAtlas\images\Non_fractured\IMG0003442.jpg,0
C:\Users\ASUS\Desktop\dersler\Derinogrenme_proje5\FracAtlas\images\Non_fractured\IMG0002985.jpg,0
C:\Users\ASUS\Desktop\dersler\Derinogrenme_proje5\FracAtlas\images\Non_fractured\IMG0001000.jpg,0
C:\Users\ASUS\Desktop\dersler\Derinogrenme_proje5\FracAtlas\images\Non_fractured\IMG0001116.jpg,0
C:\Users\ASUS\Desktop\dersler\Derinogrenme_proje5\FracAtlas\images\Non_fractured\IMG0003479.jpg,0
C:\Users\ASUS\Desktop\dersler\Derinogrenme_proje5\FracAtlas\images\Non_fractured\IMG0000514.jpg,0
C:\Users\ASUS\Desktop\dersler\Derinogrenme_proje5\FracAtlas\images\Non_fractured\IMG0003175.jpg,0
C:\Users\ASUS\Desktop\dersler\Derinogrenme_proje5\FracAtlas\images\Non_fractured\IMG0000678.jpg,0
C:\Users\ASUS\Desktop\dersler\Derinogrenme_proje5\FracAtlas\images\Non_fractured\IMG0003113.jpg,0
C:\Users\ASUS\Desktop\dersler\Derinogrenme_proje5\FracAtlas\images\Fractured\IMG0002461.jpg,1
C:\Users\ASUS\Desktop\dersler\Derinogrenme_proje5\FracAtlas\images\Non_fractured\IMG0003194.jpg,0
C:\Users\ASUS\Desktop\dersler\Derinogrenme_proje5\FracAtlas\images\Non_fractured\IMG0004182.jpg,0
C:\Users\ASUS\Desktop\dersler\Derinogrenme_proje5\FracAtlas\images\Non_fractured\IMG0000211.jpg,0
C:\Users\ASUS\Desktop\dersler\Derinogrenme_proje5\FracAtlas\images\Non_fractured\IMG0001889.jpg,0
C:\Users\ASUS\Desktop\dersler\Derinogrenme_proje5\FracAtlas\images\Non_fractured\IMG0003937.jpg,0
C:\Users\ASUS\Desktop\dersler\Derinogrenme_proje5\FracAtlas\images\Non_fractured\IMG0001859.jpg,0
C:\Users\ASUS\Desktop\dersler\Derinogrenme_proje5\FracAtlas\images\Non_fractured\IMG0001378.jpg,0
C:\Users\ASUS\Desktop\dersler\Derinogrenme_proje5\FracAtlas\images\Non_fractured\IMG0001987.jpg,0
C:\Users\ASUS\Desktop\dersler\Derinogrenme_proje5\FracAtlas\images\Non_fractured\IMG0003340.jpg,0
C:\Users\ASUS\Desktop\dersler\Derinogrenme_proje5\FracAtlas\images\Non_fractured\IMG0003249.jpg,0
C:\Users\ASUS\Desktop\dersler\Derinogrenme_proje5\FracAtlas\images\Non_fractured\IMG0000953.jpg,0
C:\Users\ASUS\Desktop\dersler\Derinogrenme_proje5\FracAtlas\images\Non_fractured\IMG0001675.jpg,0
C:\Users\ASUS\Desktop\dersler\Derinogrenme_proje5\FracAtlas\images\Non_fractured\IMG0003731.jpg,0
C:\Users\ASUS\Desktop\dersler\Derinogrenme_proje5\FracAtlas\images\Non_fractured\IMG0000884.jpg,0
C:\Users\ASUS\Desktop\dersler\Derinogrenme_proje5\FracAtlas\images\Non_fractured\IMG0003700.jpg,0
C:\Users\ASUS\Desktop\dersler\Derinogrenme_proje5\FracAtlas\images\Fractured\IMG0002476.jpg,1
C:\Users\ASUS\Desktop\dersler\Derinogrenme_proje5\FracAtlas\images\Non_fractured\IMG0003842.jpg,0
C:\Users\ASUS\Desktop\dersler\Derinogrenme_proje5\FracAtlas\images\Non_fractured\IMG0000370.jpg,0
C:\Users\ASUS\Desktop\dersler\Derinogrenme_proje5\FracAtlas\images\Non_fractured\IMG0002670.jpg,0
C:\Users\ASUS\Desktop\dersler\Derinogrenme_proje5\FracAtlas\images\Non_fractured\IMG0001295.jpg,0
C:\Users\ASUS\Desktop\dersler\Derinogrenme_proje5\FracAtlas\images\Fractured\IMG0002987.jpg,1
C:\Users\ASUS\Desktop\dersler\Derinogrenme_proje5\FracAtlas\images\Fractured\IMG0002287.jpg,1
C:\Users\ASUS\Desktop\dersler\Derinogrenme_proje5\FracAtlas\images\Non_fractured\IMG0001736.jpg,0
C:\Users\ASUS\Desktop\dersler\Derinogrenme_proje5\FracAtlas\images\Non_fractured\IMG0003099.jpg,0
C:\Users\ASUS\Desktop\dersler\Derinogrenme_proje5\FracAtlas\images\Non_fractured\IMG0000080.jpg,0
C:\Users\ASUS\Desktop\dersler\Derinogrenme_proje5\FracAtlas\images\Non_fractured\IMG0004076.jpg,0
C:\Users\ASUS\Desktop\dersler\Derinogrenme_proje5\FracAtlas\images\Non_fractured\IMG0001449.jpg,0
C:\Users\ASUS\Desktop\dersler\Derinogrenme_proje5\FracAtlas\images\Non_fractured\IMG0000992.jpg,0
C:\Users\ASUS\Desktop\dersler\Derinogrenme_proje5\FracAtlas\images\Non_fractured\IMG0002968.jpg,0
C:\Users\ASUS\Desktop\dersler\Derinogrenme_proje5\FracAtlas\images\Fractured\IMG0002354.jpg,1
C:\Users\ASUS\Desktop\dersler\Derinogrenme_proje5\FracAtlas\images\Non_fractured\IMG0000991.jpg,0
C:\Users\ASUS\Desktop\dersler\Derinogrenme_proje5\FracAtlas\images\Non_fractured\IMG0002078.jpg,0
C:\Users\ASUS\Desktop\dersler\Derinogrenme_proje5\FracAtlas\images\Non_fractured\IMG0003872.jpg,0
C:\Users\ASUS\Desktop\dersler\Derinogrenme_proje5\FracAtlas\images\Non_fractured\IMG0003075.jpg,0
C:\Users\ASUS\Desktop\dersler\Derinogrenme_proje5\FracAtlas\images\Fractured\IMG0000762.jpg,1
C:\Users\ASUS\Desktop\dersler\Derinogrenme_proje5\FracAtlas\images\Non_fractured\IMG0000531.jpg,0
C:\Users\ASUS\Desktop\dersler\Derinogrenme_proje5\FracAtlas\images\Non_fractured\IMG0003046.jpg,0
C:\Users\ASUS\Desktop\dersler\Derinogrenme_proje5\FracAtlas\images\Non_fractured\IMG0002231.jpg,0
C:\Users\ASUS\Desktop\dersler\Derinogrenme_proje5\FracAtlas\images\Non_fractured\IMG0001886.jpg,0
C:\Users\ASUS\Desktop\dersler\Derinogrenme_proje5\FracAtlas\images\Non_fractured\IMG0003403.jpg,0
C:\Users\ASUS\Desktop\dersler\Derinogrenme_proje5\FracAtlas\images\Non_fractured\IMG0003658.jpg,0
C:\Users\ASUS\Desktop\dersler\Derinogrenme_proje5\FracAtlas\images\Non_fractured\IMG0003727.jpg,0
C:\Users\ASUS\Desktop\dersler\Derinogrenme_proje5\FracAtlas\images\Non_fractured\IMG0000280.jpg,0
C:\Users\ASUS\Desktop\dersler\Derinogrenme_proje5\FracAtlas\images\Non_fractured\IMG0000605.jpg,0
C:\Users\ASUS\Desktop\dersler\Derinogrenme_proje5\FracAtlas\images\Non_fractured\IMG0002211.jpg,0
C:\Users\ASUS\Desktop\dersler\Derinogrenme_proje5\FracAtlas\images\Non_fractured\IMG0001057.jpg,0
C:\Users\ASUS\Desktop\dersler\Derinogrenme_proje5\FracAtlas\images\Non_fractured\IMG0004130.jpg,0
C:\Users\ASUS\Desktop\dersler\Derinogrenme_proje5\FracAtlas\images\Non_fractured\IMG0003719.jpg,0
C:\Users\ASUS\Desktop\dersler\Derinogrenme_proje5\FracAtlas\images\Non_fractured\IMG0002050.jpg,0
C:\Users\ASUS\Desktop\dersler\Derinogrenme_proje5\FracAtlas\images\Non_fractured\IMG0000773.jpg,0
C:\Users\ASUS\Desktop\dersler\Derinogrenme_proje5\FracAtlas\images\Non_fractured\IMG0003543.jpg,0
C:\Users\ASUS\Desktop\dersler\Derinogrenme_proje5\FracAtlas\images\Non_fractured\IMG0001554.jpg,0
C:\Users\ASUS\Desktop\dersler\Derinogrenme_proje5\FracAtlas\images\Fractured\IMG0001191.jpg,1
C:\Users\ASUS\Desktop\dersler\Derinogrenme_proje5\FracAtlas\images\Non_fractured\IMG0003706.jpg,0
C:\Users\ASUS\Desktop\dersler\Derinogrenme_proje5\FracAtlas\images\Non_fractured\IMG0001299.jpg,0
C:\Users\ASUS\Desktop\dersler\Derinogrenme_proje5\FracAtlas\images\Non_fractured\IMG0001888.jpg,0
C:\Users\ASUS\Desktop\dersler\Derinogrenme_proje5\FracAtlas\images\Non_fractured\IMG0002699.jpg,0
C:\Users\ASUS\Desktop\dersler\Derinogrenme_proje5\FracAtlas\images\Non_fractured\IMG0000875.jpg,0
C:\Users\ASUS\Desktop\dersler\Derinogrenme_proje5\FracAtlas\images\Non_fractured\IMG0000393.jpg,0
C:\Users\ASUS\Desktop\dersler\Derinogrenme_proje5\FracAtlas\images\Non_fractured\IMG0000748.jpg,0
C:\Users\ASUS\Desktop\dersler\Derinogrenme_proje5\FracAtlas\images\Non_fractured\IMG0002280.jpg,0
C:\Users\ASUS\Desktop\dersler\Derinogrenme_proje5\FracAtlas\images\Non_fractured\IMG0001347.jpg,0
C:\Users\ASUS\Desktop\dersler\Derinogrenme_proje5\FracAtlas\images\Non_fractured\IMG0000819.jpg,0
C:\Users\ASUS\Desktop\dersler\Derinogrenme_proje5\FracAtlas\images\Non_fractured\IMG0004195.jpg,0
C:\Users\ASUS\Desktop\dersler\Derinogrenme_proje5\FracAtlas\images\Non_fractured\IMG0004155.jpg,0
C:\Users\ASUS\Desktop\dersler\Derinogrenme_proje5\FracAtlas\images\Non_fractured\IMG0001433.jpg,0
C:\Users\ASUS\Desktop\dersler\Derinogrenme_proje5\FracAtlas\images\Fractured\IMG0004337.jpg,1
C:\Users\ASUS\Desktop\dersler\Derinogrenme_proje5\FracAtlas\images\Non_fractured\IMG0003257.jpg,0
C:\Users\ASUS\Desktop\dersler\Derinogrenme_proje5\FracAtlas\images\Fractured\IMG0002737.jpg,1
C:\Users\ASUS\Desktop\dersler\Derinogrenme_proje5\FracAtlas\images\Non_fractured\IMG0001505.jpg,0
C:\Users\ASUS\Desktop\dersler\Derinogrenme_proje5\FracAtlas\images\Non_fractured\IMG0003949.jpg,0
C:\Users\ASUS\Desktop\dersler\Derinogrenme_proje5\FracAtlas\images\Non_fractured\IMG0004388.jpg,0
C:\Users\ASUS\Desktop\dersler\Derinogrenme_proje5\FracAtlas\images\Fractured\IMG0003220.jpg,1
C:\Users\ASUS\Desktop\dersler\Derinogrenme_proje5\FracAtlas\images\Non_fractured\IMG0000869.jpg,0
C:\Users\ASUS\Desktop\dersler\Derinogrenme_proje5\FracAtlas\images\Non_fractured\IMG0000356.jpg,0
C:\Users\ASUS\Desktop\dersler\Derinogrenme_proje5\FracAtlas\images\Non_fractured\IMG0001100.jpg,0
C:\Users\ASUS\Desktop\dersler\Derinogrenme_proje5\FracAtlas\images\Non_fractured\IMG0003839.jpg,0
C:\Users\ASUS\Desktop\dersler\Derinogrenme_proje5\FracAtlas\images\Non_fractured\IMG0003269.jpg,0
C:\Users\ASUS\Desktop\dersler\Derinogrenme_proje5\FracAtlas\images\Non_fractured\IMG0000137.jpg,0
C:\Users\ASUS\Desktop\dersler\Derinogrenme_proje5\FracAtlas\images\Non_fractured\IMG0000770.jpg,0
C:\Users\ASUS\Desktop\dersler\Derinogrenme_proje5\FracAtlas\images\Non_fractured\IMG0000294.jpg,0
C:\Users\ASUS\Desktop\dersler\Derinogrenme_proje5\FracAtlas\images\Non_fractured\IMG0002636.jpg,0
C:\Users\ASUS\Desktop\dersler\Derinogrenme_proje5\FracAtlas\images\Non_fractured\IMG0003104.jpg,0
C:\Users\ASUS\Desktop\dersler\Derinogrenme_proje5\FracAtlas\images\Fractured\IMG0000151.jpg,1
C:\Users\ASUS\Desktop\dersler\Derinogrenme_proje5\FracAtlas\images\Non_fractured\IMG0002881.jpg,0
C:\Users\ASUS\Desktop\dersler\Derinogrenme_proje5\FracAtlas\images\Fractured\IMG0002457.jpg,1
C:\Users\ASUS\Desktop\dersler\Derinogrenme_proje5\FracAtlas\images\Non_fractured\IMG0002039.jpg,0
C:\Users\ASUS\Desktop\dersler\Derinogrenme_proje5\FracAtlas\images\Non_fractured\IMG0000093.jpg,0
C:\Users\ASUS\Desktop\dersler\Derinogrenme_proje5\FracAtlas\images\Non_fractured\IMG0002761.jpg,0
C:\Users\ASUS\Desktop\dersler\Derinogrenme_proje5\FracAtlas\images\Non_fractured\IMG0003061.jpg,0
C:\Users\ASUS\Desktop\dersler\Derinogrenme_proje5\FracAtlas\images\Fractured\IMG0002385.jpg,1
C:\Users\ASUS\Desktop\dersler\Derinogrenme_proje5\FracAtlas\images\Non_fractured\IMG0003433.jpg,0
C:\Users\ASUS\Desktop\dersler\Derinogrenme_proje5\FracAtlas\images\Non_fractured\IMG0001849.jpg,0
C:\Users\ASUS\Desktop\dersler\Derinogrenme_proje5\FracAtlas\images\Non_fractured\IMG0002929.jpg,0
C:\Users\ASUS\Desktop\dersler\Derinogrenme_proje5\FracAtlas\images\Non_fractured\IMG0000096.jpg,0
C:\Users\ASUS\Desktop\dersler\Derinogrenme_proje5\FracAtlas\images\Non_fractured\IMG0002642.jpg,0
C:\Users\ASUS\Desktop\dersler\Derinogrenme_proje5\FracAtlas\images\Non_fractured\IMG0002116.jpg,0
C:\Users\ASUS\Desktop\dersler\Derinogrenme_proje5\FracAtlas\images\Non_fractured\IMG0000614.jpg,0
C:\Users\ASUS\Desktop\dersler\Derinogrenme_proje5\FracAtlas\images\Non_fractured\IMG0000012.jpg,0
C:\Users\ASUS\Desktop\dersler\Derinogrenme_proje5\FracAtlas\images\Fractured\IMG0002652.jpg,1
C:\Users\ASUS\Desktop\dersler\Derinogrenme_proje5\FracAtlas\images\Fractured\IMG0001008.jpg,1
C:\Users\ASUS\Desktop\dersler\Derinogrenme_proje5\FracAtlas\images\Non_fractured\IMG0001644.jpg,0
C:\Users\ASUS\Desktop\dersler\Derinogrenme_proje5\FracAtlas\images\Non_fractured\IMG0001208.jpg,0
C:\Users\ASUS\Desktop\dersler\Derinogrenme_proje5\FracAtlas\images\Non_fractured\IMG0000631.jpg,0
C:\Users\ASUS\Desktop\dersler\Derinogrenme_proje5\FracAtlas\images\Non_fractured\IMG0003528.jpg,0
C:\Users\ASUS\Desktop\dersler\Derinogrenme_proje5\FracAtlas\images\Non_fractured\IMG0003138.jpg,0
C:\Users\ASUS\Desktop\dersler\Derinogrenme_proje5\FracAtlas\images\Non_fractured\IMG0001444.jpg,0
C:\Users\ASUS\Desktop\dersler\Derinogrenme_proje5\FracAtlas\images\Fractured\IMG0002208.jpg,1
C:\Users\ASUS\Desktop\dersler\Derinogrenme_proje5\FracAtlas\images\Non_fractured\IMG0001423.jpg,0
C:\Users\ASUS\Desktop\dersler\Derinogrenme_proje5\FracAtlas\images\Fractured\IMG0003703.jpg,1
C:\Users\ASUS\Desktop\dersler\Derinogrenme_proje5\FracAtlas\images\Non_fractured\IMG0003276.jpg,0
C:\Users\ASUS\Desktop\dersler\Derinogrenme_proje5\FracAtlas\images\Non_fractured\IMG0004223.jpg,0
C:\Users\ASUS\Desktop\dersler\Derinogrenme_proje5\FracAtlas\images\Non_fractured\IMG0001705.jpg,0
C:\Users\ASUS\Desktop\dersler\Derinogrenme_proje5\FracAtlas\images\Fractured\IMG0002127.jpg,1
C:\Users\ASUS\Desktop\dersler\Derinogrenme_proje5\FracAtlas\images\Non_fractured\IMG0001145.jpg,0
C:\Users\ASUS\Desktop\dersler\Derinogrenme_proje5\FracAtlas\images\Non_fractured\IMG0003575.jpg,0
C:\Users\ASUS\Desktop\dersler\Derinogrenme_proje5\FracAtlas\images\Non_fractured\IMG0003208.jpg,0
C:\Users\ASUS\Desktop\dersler\Derinogrenme_proje5\FracAtlas\images\Fractured\IMG0000025.jpg,1
C:\Users\ASUS\Desktop\dersler\Derinogrenme_proje5\FracAtlas\images\Non_fractured\IMG0000633.jpg,0
C:\Users\ASUS\Desktop\dersler\Derinogrenme_proje5\FracAtlas\images\Non_fractured\IMG0000684.jpg,0
C:\Users\ASUS\Desktop\dersler\Derinogrenme_proje5\FracAtlas\images\Non_fractured\IMG0000119.jpg,0
C:\Users\ASUS\Desktop\dersler\Derinogrenme_proje5\FracAtlas\images\Non_fractured\IMG0000837.jpg,0
C:\Users\ASUS\Desktop\dersler\Derinogrenme_proje5\FracAtlas\images\Fractured\IMG0003952.jpg,1
C:\Users\ASUS\Desktop\dersler\Derinogrenme_proje5\FracAtlas\images\Non_fractured\IMG0001804.jpg,0
C:\Users\ASUS\Desktop\dersler\Derinogrenme_proje5\FracAtlas\images\Non_fractured\IMG0004065.jpg,0
C:\Users\ASUS\Desktop\dersler\Derinogrenme_proje5\FracAtlas\images\Non_fractured\IMG0000767.jpg,0
C:\Users\ASUS\Desktop\dersler\Derinogrenme_proje5\FracAtlas\images\Non_fractured\IMG0002870.jpg,0
C:\Users\ASUS\Desktop\dersler\Derinogrenme_proje5\FracAtlas\images\Fractured\IMG0003034.jpg,1
C:\Users\ASUS\Desktop\dersler\Derinogrenme_proje5\FracAtlas\images\Fractured\IMG0002405.jpg,1
C:\Users\ASUS\Desktop\dersler\Derinogrenme_proje5\FracAtlas\images\Non_fractured\IMG0003582.jpg,0
C:\Users\ASUS\Desktop\dersler\Derinogrenme_proje5\FracAtlas\images\Non_fractured\IMG0001259.jpg,0
C:\Users\ASUS\Desktop\dersler\Derinogrenme_proje5\FracAtlas\images\Non_fractured\IMG0000909.jpg,0
C:\Users\ASUS\Desktop\dersler\Derinogrenme_proje5\FracAtlas\images\Non_fractured\IMG0001110.jpg,0
C:\Users\ASUS\Desktop\dersler\Derinogrenme_proje5\FracAtlas\images\Non_fractured\IMG0003571.jpg,0
C:\Users\ASUS\Desktop\dersler\Derinogrenme_proje5\FracAtlas\images\Non_fractured\IMG0003502.jpg,0
C:\Users\ASUS\Desktop\dersler\Derinogrenme_proje5\FracAtlas\images\Fractured\IMG0002462.jpg,1
C:\Users\ASUS\Desktop\dersler\Derinogrenme_proje5\FracAtlas\images\Non_fractured\IMG0003677.jpg,0
C:\Users\ASUS\Desktop\dersler\Derinogrenme_proje5\FracAtlas\images\Non_fractured\IMG0002858.jpg,0
C:\Users\ASUS\Desktop\dersler\Derinogrenme_proje5\FracAtlas\images\Non_fractured\IMG0002139.jpg,0
C:\Users\ASUS\Desktop\dersler\Derinogrenme_proje5\FracAtlas\images\Non_fractured\IMG0000285.jpg,0
C:\Users\ASUS\Desktop\dersler\Derinogrenme_proje5\FracAtlas\images\Non_fractured\IMG0003055.jpg,0
C:\Users\ASUS\Desktop\dersler\Derinogrenme_proje5\FracAtlas\images\Non_fractured\IMG0003065.jpg,0
C:\Users\ASUS\Desktop\dersler\Derinogrenme_proje5\FracAtlas\images\Non_fractured\IMG0000265.jpg,0
C:\Users\ASUS\Desktop\dersler\Derinogrenme_proje5\FracAtlas\images\Non_fractured\IMG0002857.jpg,0
C:\Users\ASUS\Desktop\dersler\Derinogrenme_proje5\FracAtlas\images\Non_fractured\IMG0002007.jpg,0
C:\Users\ASUS\Desktop\dersler\Derinogrenme_proje5\FracAtlas\images\Non_fractured\IMG0000458.jpg,0
C:\Users\ASUS\Desktop\dersler\Derinogrenme_proje5\FracAtlas\images\Non_fractured\IMG0001001.jpg,0
C:\Users\ASUS\Desktop\dersler\Derinogrenme_proje5\FracAtlas\images\Fractured\IMG0000805.jpg,1
C:\Users\ASUS\Desktop\dersler\Derinogrenme_proje5\FracAtlas\images\Non_fractured\IMG0003122.jpg,0
C:\Users\ASUS\Desktop\dersler\Derinogrenme_proje5\FracAtlas\images\Non_fractured\IMG0002922.jpg,0
C:\Users\ASUS\Desktop\dersler\Derinogrenme_proje5\FracAtlas\images\Non_fractured\IMG0001077.jpg,0
C:\Users\ASUS\Desktop\dersler\Derinogrenme_proje5\FracAtlas\images\Non_fractured\IMG0001338.jpg,0
C:\Users\ASUS\Desktop\dersler\Derinogrenme_proje5\FracAtlas\images\Non_fractured\IMG0001460.jpg,0
C:\Users\ASUS\Desktop\dersler\Derinogrenme_proje5\FracAtlas\images\Non_fractured\IMG0001330.jpg,0
C:\Users\ASUS\Desktop\dersler\Derinogrenme_proje5\FracAtlas\images\Non_fractured\IMG0002076.jpg,0
C:\Users\ASUS\Desktop\dersler\Derinogrenme_proje5\FracAtlas\images\Non_fractured\IMG0000506.jpg,0
C:\Users\ASUS\Desktop\dersler\Derinogrenme_proje5\FracAtlas\images\Non_fractured\IMG0003583.jpg,0
C:\Users\ASUS\Desktop\dersler\Derinogrenme_proje5\FracAtlas\images\Fractured\IMG0001739.jpg,1
C:\Users\ASUS\Desktop\dersler\Derinogrenme_proje5\FracAtlas\images\Non_fractured\IMG0003749.jpg,0
C:\Users\ASUS\Desktop\dersler\Derinogrenme_proje5\FracAtlas\images\Non_fractured\IMG0002095.jpg,0
C:\Users\ASUS\Desktop\dersler\Derinogrenme_proje5\FracAtlas\images\Fractured\IMG0004008.jpg,1
C:\Users\ASUS\Desktop\dersler\Derinogrenme_proje5\FracAtlas\images\Non_fractured\IMG0003124.jpg,0
C:\Users\ASUS\Desktop\dersler\Derinogrenme_proje5\FracAtlas\images\Non_fractured\IMG0003252.jpg,0
C:\Users\ASUS\Desktop\dersler\Derinogrenme_proje5\FracAtlas\images\Non_fractured\IMG0003964.jpg,0
C:\Users\ASUS\Desktop\dersler\Derinogrenme_proje5\FracAtlas\images\Non_fractured\IMG0002770.jpg,0
C:\Users\ASUS\Desktop\dersler\Derinogrenme_proje5\FracAtlas\images\Non_fractured\IMG0004226.jpg,0
C:\Users\ASUS\Desktop\dersler\Derinogrenme_proje5\FracAtlas\images\Fractured\IMG0003398.jpg,1
C:\Users\ASUS\Desktop\dersler\Derinogrenme_proje5\FracAtlas\images\Non_fractured\IMG0003460.jpg,0
C:\Users\ASUS\Desktop\dersler\Derinogrenme_proje5\FracAtlas\images\Fractured\IMG0004262.jpg,1
C:\Users\ASUS\Desktop\dersler\Derinogrenme_proje5\FracAtlas\images\Non_fractured\IMG0003188.jpg,0
C:\Users\ASUS\Desktop\dersler\Derinogrenme_proje5\FracAtlas\images\Non_fractured\IMG0000727.jpg,0
C:\Users\ASUS\Desktop\dersler\Derinogrenme_proje5\FracAtlas\images\Non_fractured\IMG0002689.jpg,0
C:\Users\ASUS\Desktop\dersler\Derinogrenme_proje5\FracAtlas\images\Non_fractured\IMG0001406.jpg,0
C:\Users\ASUS\Desktop\dersler\Derinogrenme_proje5\FracAtlas\images\Fractured\IMG0003420.jpg,1
C:\Users\ASUS\Desktop\dersler\Derinogrenme_proje5\FracAtlas\images\Fractured\IMG0002979.jpg,1
C:\Users\ASUS\Desktop\dersler\Derinogrenme_proje5\FracAtlas\images\Non_fractured\IMG0001507.jpg,0
C:\Users\ASUS\Desktop\dersler\Derinogrenme_proje5\FracAtlas\images\Non_fractured\IMG0003225.jpg,0
C:\Users\ASUS\Desktop\dersler\Derinogrenme_proje5\FracAtlas\images\Fractured\IMG0002312.jpg,1
C:\Users\ASUS\Desktop\dersler\Derinogrenme_proje5\FracAtlas\images\Non_fractured\IMG0001865.jpg,0
C:\Users\ASUS\Desktop\dersler\Derinogrenme_proje5\FracAtlas\images\Non_fractured\IMG0001251.jpg,0
C:\Users\ASUS\Desktop\dersler\Derinogrenme_proje5\FracAtlas\images\Non_fractured\IMG0004017.jpg,0
C:\Users\ASUS\Desktop\dersler\Derinogrenme_proje5\FracAtlas\images\Non_fractured\IMG0003616.jpg,0
C:\Users\ASUS\Desktop\dersler\Derinogrenme_proje5\FracAtlas\images\Non_fractured\IMG0003570.jpg,0
C:\Users\ASUS\Desktop\dersler\Derinogrenme_proje5\FracAtlas\images\Non_fractured\IMG0003048.jpg,0
C:\Users\ASUS\Desktop\dersler\Derinogrenme_proje5\FracAtlas\images\Non_fractured\IMG0002641.jpg,0
C:\Users\ASUS\Desktop\dersler\Derinogrenme_proje5\FracAtlas\images\Non_fractured\IMG0002902.jpg,0
C:\Users\ASUS\Desktop\dersler\Derinogrenme_proje5\FracAtlas\images\Fractured\IMG0004072.jpg,1
C:\Users\ASUS\Desktop\dersler\Derinogrenme_proje5\FracAtlas\images\Non_fractured\IMG0000846.jpg,0
C:\Users\ASUS\Desktop\dersler\Derinogrenme_proje5\FracAtlas\images\Non_fractured\IMG0002075.jpg,0
C:\Users\ASUS\Desktop\dersler\Derinogrenme_proje5\FracAtlas\images\Non_fractured\IMG0002239.jpg,0
C:\Users\ASUS\Desktop\dersler\Derinogrenme_proje5\FracAtlas\images\Non_fractured\IMG0003781.jpg,0
C:\Users\ASUS\Desktop\dersler\Derinogrenme_proje5\FracAtlas\images\Non_fractured\IMG0004092.jpg,0
C:\Users\ASUS\Desktop\dersler\Derinogrenme_proje5\FracAtlas\images\Non_fractured\IMG0002140.jpg,0
C:\Users\ASUS\Desktop\dersler\Derinogrenme_proje5\FracAtlas\images\Non_fractured\IMG0003235.jpg,0
C:\Users\ASUS\Desktop\dersler\Derinogrenme_proje5\FracAtlas\images\Non_fractured\IMG0001339.jpg,0
C:\Users\ASUS\Desktop\dersler\Derinogrenme_proje5\FracAtlas\images\Non_fractured\IMG0000619.jpg,0
C:\Users\ASUS\Desktop\dersler\Derinogrenme_proje5\FracAtlas\images\Non_fractured\IMG0002103.jpg,0
C:\Users\ASUS\Desktop\dersler\Derinogrenme_proje5\FracAtlas\images\Fractured\IMG0002517.jpg,1
C:\Users\ASUS\Desktop\dersler\Derinogrenme_proje5\FracAtlas\images\Non_fractured\IMG0000125.jpg,0
C:\Users\ASUS\Desktop\dersler\Derinogrenme_proje5\FracAtlas\images\Fractured\IMG0002037.jpg,1
C:\Users\ASUS\Desktop\dersler\Derinogrenme_proje5\FracAtlas\images\Non_fractured\IMG0002006.jpg,0
C:\Users\ASUS\Desktop\dersler\Derinogrenme_proje5\FracAtlas\images\Non_fractured\IMG0001924.jpg,0
C:\Users\ASUS\Desktop\dersler\Derinogrenme_proje5\FracAtlas\images\Non_fractured\IMG0002107.jpg,0
C:\Users\ASUS\Desktop\dersler\Derinogrenme_proje5\FracAtlas\images\Non_fractured\IMG0002234.jpg,0
C:\Users\ASUS\Desktop\dersler\Derinogrenme_proje5\FracAtlas\images\Non_fractured\IMG0003250.jpg,0
C:\Users\ASUS\Desktop\dersler\Derinogrenme_proje5\FracAtlas\images\Non_fractured\IMG0002216.jpg,0
C:\Users\ASUS\Desktop\dersler\Derinogrenme_proje5\FracAtlas\images\Non_fractured\IMG0002869.jpg,0
C:\Users\ASUS\Desktop\dersler\Derinogrenme_proje5\FracAtlas\images\Non_fractured\IMG0001296.jpg,0
C:\Users\ASUS\Desktop\dersler\Derinogrenme_proje5\FracAtlas\images\Non_fractured\IMG0002618.jpg,0
C:\Users\ASUS\Desktop\dersler\Derinogrenme_proje5\FracAtlas\images\Non_fractured\IMG0003096.jpg,0
C:\Users\ASUS\Desktop\dersler\Derinogrenme_proje5\FracAtlas\images\Non_fractured\IMG0001553.jpg,0
C:\Users\ASUS\Desktop\dersler\Derinogrenme_proje5\FracAtlas\images\Non_fractured\IMG0003863.jpg,0
C:\Users\ASUS\Desktop\dersler\Derinogrenme_proje5\FracAtlas\images\Non_fractured\IMG0001141.jpg,0
C:\Users\ASUS\Desktop\dersler\Derinogrenme_proje5\FracAtlas\images\Non_fractured\IMG0000679.jpg,0
C:\Users\ASUS\Desktop\dersler\Derinogrenme_proje5\FracAtlas\images\Non_fractured\IMG0004003.jpg,0
C:\Users\ASUS\Desktop\dersler\Derinogrenme_proje5\FracAtlas\images\Fractured\IMG0002521.jpg,1
C:\Users\ASUS\Desktop\dersler\Derinogrenme_proje5\FracAtlas\images\Non_fractured\IMG0001617.jpg,0
C:\Users\ASUS\Desktop\dersler\Derinogrenme_proje5\FracAtlas\images\Non_fractured\IMG0003256.jpg,0
C:\Users\ASUS\Desktop\dersler\Derinogrenme_proje5\FracAtlas\images\Non_fractured\IMG0000308.jpg,0
C:\Users\ASUS\Desktop\dersler\Derinogrenme_proje5\FracAtlas\images\Fractured\IMG0002563.jpg,1
C:\Users\ASUS\Desktop\dersler\Derinogrenme_proje5\FracAtlas\images\Fractured\IMG0002489.jpg,1
C:\Users\ASUS\Desktop\dersler\Derinogrenme_proje5\FracAtlas\images\Non_fractured\IMG0001321.jpg,0
C:\Users\ASUS\Desktop\dersler\Derinogrenme_proje5\FracAtlas\images\Non_fractured\IMG0002851.jpg,0
C:\Users\ASUS\Desktop\dersler\Derinogrenme_proje5\FracAtlas\images\Non_fractured\IMG0000492.jpg,0
C:\Users\ASUS\Desktop\dersler\Derinogrenme_proje5\FracAtlas\images\Non_fractured\IMG0001999.jpg,0
C:\Users\ASUS\Desktop\dersler\Derinogrenme_proje5\FracAtlas\images\Non_fractured\IMG0000907.jpg,0
C:\Users\ASUS\Desktop\dersler\Derinogrenme_proje5\FracAtlas\images\Non_fractured\IMG0001483.jpg,0
C:\Users\ASUS\Desktop\dersler\Derinogrenme_proje5\FracAtlas\images\Non_fractured\IMG0000562.jpg,0
C:\Users\ASUS\Desktop\dersler\Derinogrenme_proje5\FracAtlas\images\Fractured\IMG0002599.jpg,1
C:\Users\ASUS\Desktop\dersler\Derinogrenme_proje5\FracAtlas\images\Non_fractured\IMG0003799.jpg,0
C:\Users\ASUS\Desktop\dersler\Derinogrenme_proje5\FracAtlas\images\Non_fractured\IMG0000595.jpg,0
C:\Users\ASUS\Desktop\dersler\Derinogrenme_proje5\FracAtlas\images\Non_fractured\IMG0000915.jpg,0
C:\Users\ASUS\Desktop\dersler\Derinogrenme_proje5\FracAtlas\images\Non_fractured\IMG0003976.jpg,0
C:\Users\ASUS\Desktop\dersler\Derinogrenme_proje5\FracAtlas\images\Non_fractured\IMG0000887.jpg,0
C:\Users\ASUS\Desktop\dersler\Derinogrenme_proje5\FracAtlas\images\Non_fractured\IMG0002049.jpg,0
C:\Users\ASUS\Desktop\dersler\Derinogrenme_proje5\FracAtlas\images\Non_fractured\IMG0002684.jpg,0
C:\Users\ASUS\Desktop\dersler\Derinogrenme_proje5\FracAtlas\images\Non_fractured\IMG0002733.jpg,0
C:\Users\ASUS\Desktop\dersler\Derinogrenme_proje5\FracAtlas\images\Non_fractured\IMG0001290.jpg,0
C:\Users\ASUS\Desktop\dersler\Derinogrenme_proje5\FracAtlas\images\Non_fractured\IMG0002951.jpg,0
C:\Users\ASUS\Desktop\dersler\Derinogrenme_proje5\FracAtlas\images\Non_fractured\IMG0002629.jpg,0
C:\Users\ASUS\Desktop\dersler\Derinogrenme_proje5\FracAtlas\images\Non_fractured\IMG0003913.jpg,0
C:\Users\ASUS\Desktop\dersler\Derinogrenme_proje5\FracAtlas\images\Non_fractured\IMG0000056.jpg,0
C:\Users\ASUS\Desktop\dersler\Derinogrenme_proje5\FracAtlas\images\Non_fractured\IMG0000516.jpg,0
C:\Users\ASUS\Desktop\dersler\Derinogrenme_proje5\FracAtlas\images\Non_fractured\IMG0000509.jpg,0
C:\Users\ASUS\Desktop\dersler\Derinogrenme_proje5\FracAtlas\images\Non_fractured\IMG0003472.jpg,0
C:\Users\ASUS\Desktop\dersler\Derinogrenme_proje5\FracAtlas\images\Non_fractured\IMG0000403.jpg,0
C:\Users\ASUS\Desktop\dersler\Derinogrenme_proje5\FracAtlas\images\Non_fractured\IMG0001684.jpg,0
C:\Users\ASUS\Desktop\dersler\Derinogrenme_proje5\FracAtlas\images\Fractured\IMG0002537.jpg,1
C:\Users\ASUS\Desktop\dersler\Derinogrenme_proje5\FracAtlas\images\Non_fractured\IMG0000731.jpg,0
C:\Users\ASUS\Desktop\dersler\Derinogrenme_proje5\FracAtlas\images\Non_fractured\IMG0000404.jpg,0
C:\Users\ASUS\Desktop\dersler\Derinogrenme_proje5\FracAtlas\images\Fractured\IMG0004233.jpg,1
C:\Users\ASUS\Desktop\dersler\Derinogrenme_proje5\FracAtlas\images\Non_fractured\IMG0003139.jpg,0
C:\Users\ASUS\Desktop\dersler\Derinogrenme_proje5\FracAtlas\images\Non_fractured\IMG0000847.jpg,0
C:\Users\ASUS\Desktop\dersler\Derinogrenme_proje5\FracAtlas\images\Non_fractured\IMG0002822.jpg,0
C:\Users\ASUS\Desktop\dersler\Derinogrenme_proje5\FracAtlas\images\Non_fractured\IMG0000993.jpg,0
C:\Users\ASUS\Desktop\dersler\Derinogrenme_proje5\FracAtlas\images\Non_fractured\IMG0000181.jpg,0
C:\Users\ASUS\Desktop\dersler\Derinogrenme_proje5\FracAtlas\images\Non_fractured\IMG0000701.jpg,0
C:\Users\ASUS\Desktop\dersler\Derinogrenme_proje5\FracAtlas\images\Fractured\IMG0002468.jpg,1
C:\Users\ASUS\Desktop\dersler\Derinogrenme_proje5\FracAtlas\images\Fractured\IMG0002373.jpg,1
C:\Users\ASUS\Desktop\dersler\Derinogrenme_proje5\FracAtlas\images\Non_fractured\IMG0003669.jpg,0
C:\Users\ASUS\Desktop\dersler\Derinogrenme_proje5\FracAtlas\images\Non_fractured\IMG0000086.jpg,0
C:\Users\ASUS\Desktop\dersler\Derinogrenme_proje5\FracAtlas\images\Non_fractured\IMG0003629.jpg,0
C:\Users\ASUS\Desktop\dersler\Derinogrenme_proje5\FracAtlas\images\Non_fractured\IMG0001091.jpg,0
C:\Users\ASUS\Desktop\dersler\Derinogrenme_proje5\FracAtlas\images\Non_fractured\IMG0004022.jpg,0
C:\Users\ASUS\Desktop\dersler\Derinogrenme_proje5\FracAtlas\images\Non_fractured\IMG0000765.jpg,0
C:\Users\ASUS\Desktop\dersler\Derinogrenme_proje5\FracAtlas\images\Non_fractured\IMG0002879.jpg,0
C:\Users\ASUS\Desktop\dersler\Derinogrenme_proje5\FracAtlas\images\Non_fractured\IMG0003236.jpg,0
C:\Users\ASUS\Desktop\dersler\Derinogrenme_proje5\FracAtlas\images\Fractured\IMG0002606.jpg,1
C:\Users\ASUS\Desktop\dersler\Derinogrenme_proje5\FracAtlas\images\Non_fractured\IMG0004290.jpg,0
C:\Users\ASUS\Desktop\dersler\Derinogrenme_proje5\FracAtlas\images\Non_fractured\IMG0001435.jpg,0
C:\Users\ASUS\Desktop\dersler\Derinogrenme_proje5\FracAtlas\images\Non_fractured\IMG0000524.jpg,0
C:\Users\ASUS\Desktop\dersler\Derinogrenme_proje5\FracAtlas\images\Fractured\IMG0002451.jpg,1
C:\Users\ASUS\Desktop\dersler\Derinogrenme_proje5\FracAtlas\images\Non_fractured\IMG0002698.jpg,0
C:\Users\ASUS\Desktop\dersler\Derinogrenme_proje5\FracAtlas\images\Non_fractured\IMG0002820.jpg,0
C:\Users\ASUS\Desktop\dersler\Derinogrenme_proje5\FracAtlas\images\Non_fractured\IMG0003167.jpg,0
C:\Users\ASUS\Desktop\dersler\Derinogrenme_proje5\FracAtlas\images\Non_fractured\IMG0002114.jpg,0
C:\Users\ASUS\Desktop\dersler\Derinogrenme_proje5\FracAtlas\images\Fractured\IMG0002459.jpg,1
C:\Users\ASUS\Desktop\dersler\Derinogrenme_proje5\FracAtlas\images\Non_fractured\IMG0002900.jpg,0
C:\Users\ASUS\Desktop\dersler\Derinogrenme_proje5\FracAtlas\images\Non_fractured\IMG0000584.jpg,0
C:\Users\ASUS\Desktop\dersler\Derinogrenme_proje5\FracAtlas\images\Non_fractured\IMG0003416.jpg,0
C:\Users\ASUS\Desktop\dersler\Derinogrenme_proje5\FracAtlas\images\Non_fractured\IMG0000365.jpg,0
C:\Users\ASUS\Desktop\dersler\Derinogrenme_proje5\FracAtlas\images\Non_fractured\IMG0000510.jpg,0
C:\Users\ASUS\Desktop\dersler\Derinogrenme_proje5\FracAtlas\images\Non_fractured\IMG0001078.jpg,0
C:\Users\ASUS\Desktop\dersler\Derinogrenme_proje5\FracAtlas\images\Non_fractured\IMG0003090.jpg,0
C:\Users\ASUS\Desktop\dersler\Derinogrenme_proje5\FracAtlas\images\Non_fractured\IMG0003017.jpg,0
C:\Users\ASUS\Desktop\dersler\Derinogrenme_proje5\FracAtlas\images\Non_fractured\IMG0003598.jpg,0
C:\Users\ASUS\Desktop\dersler\Derinogrenme_proje5\FracAtlas\images\Non_fractured\IMG0001467.jpg,0
C:\Users\ASUS\Desktop\dersler\Derinogrenme_proje5\FracAtlas\images\Non_fractured\IMG0001314.jpg,0
C:\Users\ASUS\Desktop\dersler\Derinogrenme_proje5\FracAtlas\images\Non_fractured\IMG0002634.jpg,0
C:\Users\ASUS\Desktop\dersler\Derinogrenme_proje5\FracAtlas\images\Non_fractured\IMG0000557.jpg,0
C:\Users\ASUS\Desktop\dersler\Derinogrenme_proje5\FracAtlas\images\Non_fractured\IMG0001344.jpg,0
C:\Users\ASUS\Desktop\dersler\Derinogrenme_proje5\FracAtlas\images\Non_fractured\IMG0001370.jpg,0
C:\Users\ASUS\Desktop\dersler\Derinogrenme_proje5\FracAtlas\images\Fractured\IMG0003397.jpg,1
C:\Users\ASUS\Desktop\dersler\Derinogrenme_proje5\FracAtlas\images\Fractured\IMG0003219.jpg,1
C:\Users\ASUS\Desktop\dersler\Derinogrenme_proje5\FracAtlas\images\Non_fractured\IMG0002672.jpg,0
C:\Users\ASUS\Desktop\dersler\Derinogrenme_proje5\FracAtlas\images\Non_fractured\IMG0004298.jpg,0
C:\Users\ASUS\Desktop\dersler\Derinogrenme_proje5\FracAtlas\images\Non_fractured\IMG0000517.jpg,0
C:\Users\ASUS\Desktop\dersler\Derinogrenme_proje5\FracAtlas\images\Non_fractured\IMG0001276.jpg,0
C:\Users\ASUS\Desktop\dersler\Derinogrenme_proje5\FracAtlas\images\Fractured\IMG0001981.jpg,1
C:\Users\ASUS\Desktop\dersler\Derinogrenme_proje5\FracAtlas\images\Non_fractured\IMG0004297.jpg,0
C:\Users\ASUS\Desktop\dersler\Derinogrenme_proje5\FracAtlas\images\Non_fractured\IMG0000598.jpg,0
C:\Users\ASUS\Desktop\dersler\Derinogrenme_proje5\FracAtlas\images\Non_fractured\IMG0000150.jpg,0
C:\Users\ASUS\Desktop\dersler\Derinogrenme_proje5\FracAtlas\images\Fractured\IMG0002391.jpg,1
C:\Users\ASUS\Desktop\dersler\Derinogrenme_proje5\FracAtlas\images\Non_fractured\IMG0003666.jpg,0
C:\Users\ASUS\Desktop\dersler\Derinogrenme_proje5\FracAtlas\images\Non_fractured\IMG0002293.jpg,0
C:\Users\ASUS\Desktop\dersler\Derinogrenme_proje5\FracAtlas\images\Fractured\IMG0003399.jpg,1
C:\Users\ASUS\Desktop\dersler\Derinogrenme_proje5\FracAtlas\images\Non_fractured\IMG0002296.jpg,0
C:\Users\ASUS\Desktop\dersler\Derinogrenme_proje5\FracAtlas\images\Non_fractured\IMG0003300.jpg,0
C:\Users\ASUS\Desktop\dersler\Derinogrenme_proje5\FracAtlas\images\Non_fractured\IMG0002981.jpg,0
C:\Users\ASUS\Desktop\dersler\Derinogrenme_proje5\FracAtlas\images\Non_fractured\IMG0001912.jpg,0
C:\Users\ASUS\Desktop\dersler\Derinogrenme_proje5\FracAtlas\images\Non_fractured\IMG0000604.jpg,0
C:\Users\ASUS\Desktop\dersler\Derinogrenme_proje5\FracAtlas\images\Fractured\IMG0002360.jpg,1
C:\Users\ASUS\Desktop\dersler\Derinogrenme_proje5\FracAtlas\images\Non_fractured\IMG0002262.jpg,0
C:\Users\ASUS\Desktop\dersler\Derinogrenme_proje5\FracAtlas\images\Non_fractured\IMG0004201.jpg,0
C:\Users\ASUS\Desktop\dersler\Derinogrenme_proje5\FracAtlas\images\Non_fractured\IMG0000582.jpg,0
C:\Users\ASUS\Desktop\dersler\Derinogrenme_proje5\FracAtlas\images\Non_fractured\IMG0001513.jpg,0
C:\Users\ASUS\Desktop\dersler\Derinogrenme_proje5\FracAtlas\images\Fractured\IMG0002546.jpg,1
C:\Users\ASUS\Desktop\dersler\Derinogrenme_proje5\FracAtlas\images\Non_fractured\IMG0003080.jpg,0
C:\Users\ASUS\Desktop\dersler\Derinogrenme_proje5\FracAtlas\images\Non_fractured\IMG0001706.jpg,0
C:\Users\ASUS\Desktop\dersler\Derinogrenme_proje5\FracAtlas\images\Non_fractured\IMG0002739.jpg,0
C:\Users\ASUS\Desktop\dersler\Derinogrenme_proje5\FracAtlas\images\Non_fractured\IMG0002991.jpg,0
C:\Users\ASUS\Desktop\dersler\Derinogrenme_proje5\FracAtlas\images\Non_fractured\IMG0003364.jpg,0
C:\Users\ASUS\Desktop\dersler\Derinogrenme_proje5\FracAtlas\images\Fractured\IMG0001361.jpg,1
C:\Users\ASUS\Desktop\dersler\Derinogrenme_proje5\FracAtlas\images\Non_fractured\IMG0002177.jpg,0
C:\Users\ASUS\Desktop\dersler\Derinogrenme_proje5\FracAtlas\images\Non_fractured\IMG0003038.jpg,0
C:\Users\ASUS\Desktop\dersler\Derinogrenme_proje5\FracAtlas\images\Non_fractured\IMG0001187.jpg,0
C:\Users\ASUS\Desktop\dersler\Derinogrenme_proje5\FracAtlas\images\Non_fractured\IMG0001463.jpg,0
C:\Users\ASUS\Desktop\dersler\Derinogrenme_proje5\FracAtlas\images\Non_fractured\IMG0000304.jpg,0
C:\Users\ASUS\Desktop\dersler\Derinogrenme_proje5\FracAtlas\images\Non_fractured\IMG0003940.jpg,0
C:\Users\ASUS\Desktop\dersler\Derinogrenme_proje5\FracAtlas\images\Non_fractured\IMG0003076.jpg,0
C:\Users\ASUS\Desktop\dersler\Derinogrenme_proje5\FracAtlas\images\Non_fractured\IMG0000163.jpg,0
C:\Users\ASUS\Desktop\dersler\Derinogrenme_proje5\FracAtlas\images\Non_fractured\IMG0003026.jpg,0
C:\Users\ASUS\Desktop\dersler\Derinogrenme_proje5\FracAtlas\images\Non_fractured\IMG0001580.jpg,0
C:\Users\ASUS\Desktop\dersler\Derinogrenme_proje5\FracAtlas\images\Non_fractured\IMG0001764.jpg,0
C:\Users\ASUS\Desktop\dersler\Derinogrenme_proje5\FracAtlas\images\Fractured\IMG0000057.jpg,1
C:\Users\ASUS\Desktop\dersler\Derinogrenme_proje5\FracAtlas\images\Non_fractured\IMG0003415.jpg,0
C:\Users\ASUS\Desktop\dersler\Derinogrenme_proje5\FracAtlas\images\Non_fractured\IMG0004060.jpg,0
C:\Users\ASUS\Desktop\dersler\Derinogrenme_proje5\FracAtlas\images\Non_fractured\IMG0001043.jpg,0
C:\Users\ASUS\Desktop\dersler\Derinogrenme_proje5\FracAtlas\images\Non_fractured\IMG0003721.jpg,0
C:\Users\ASUS\Desktop\dersler\Derinogrenme_proje5\FracAtlas\images\Non_fractured\IMG0003371.jpg,0
C:\Users\ASUS\Desktop\dersler\Derinogrenme_proje5\FracAtlas\images\Non_fractured\IMG0000410.jpg,0
C:\Users\ASUS\Desktop\dersler\Derinogrenme_proje5\FracAtlas\images\Non_fractured\IMG0000615.jpg,0
C:\Users\ASUS\Desktop\dersler\Derinogrenme_proje5\FracAtlas\images\Non_fractured\IMG0001716.jpg,0
C:\Users\ASUS\Desktop\dersler\Derinogrenme_proje5\FracAtlas\images\Fractured\IMG0003586.jpg,1
C:\Users\ASUS\Desktop\dersler\Derinogrenme_proje5\FracAtlas\images\Non_fractured\IMG0001396.jpg,0
C:\Users\ASUS\Desktop\dersler\Derinogrenme_proje5\FracAtlas\images\Non_fractured\IMG0001171.jpg,0
C:\Users\ASUS\Desktop\dersler\Derinogrenme_proje5\FracAtlas\images\Non_fractured\IMG0000000.jpg,0
C:\Users\ASUS\Desktop\dersler\Derinogrenme_proje5\FracAtlas\images\Non_fractured\IMG0000482.jpg,0
C:\Users\ASUS\Desktop\dersler\Derinogrenme_proje5\FracAtlas\images\Fractured\IMG0002465.jpg,1
C:\Users\ASUS\Desktop\dersler\Derinogrenme_proje5\FracAtlas\images\Non_fractured\IMG0002726.jpg,0
C:\Users\ASUS\Desktop\dersler\Derinogrenme_proje5\FracAtlas\images\Non_fractured\IMG0001072.jpg,0
C:\Users\ASUS\Desktop\dersler\Derinogrenme_proje5\FracAtlas\images\Non_fractured\IMG0003822.jpg,0
C:\Users\ASUS\Desktop\dersler\Derinogrenme_proje5\FracAtlas\images\Fractured\IMG0002496.jpg,1
C:\Users\ASUS\Desktop\dersler\Derinogrenme_proje5\FracAtlas\images\Non_fractured\IMG0002048.jpg,0
C:\Users\ASUS\Desktop\dersler\Derinogrenme_proje5\FracAtlas\images\Non_fractured\IMG0003630.jpg,0
C:\Users\ASUS\Desktop\dersler\Derinogrenme_proje5\FracAtlas\images\Non_fractured\IMG0000850.jpg,0
C:\Users\ASUS\Desktop\dersler\Derinogrenme_proje5\FracAtlas\images\Non_fractured\IMG0002643.jpg,0
C:\Users\ASUS\Desktop\dersler\Derinogrenme_proje5\FracAtlas\images\Non_fractured\IMG0001752.jpg,0
C:\Users\ASUS\Desktop\dersler\Derinogrenme_proje5\FracAtlas\images\Non_fractured\IMG0002238.jpg,0
C:\Users\ASUS\Desktop\dersler\Derinogrenme_proje5\FracAtlas\images\Non_fractured\IMG0000974.jpg,0
C:\Users\ASUS\Desktop\dersler\Derinogrenme_proje5\FracAtlas\images\Fractured\IMG0002576.jpg,1
C:\Users\ASUS\Desktop\dersler\Derinogrenme_proje5\FracAtlas\images\Non_fractured\IMG0001692.jpg,0
C:\Users\ASUS\Desktop\dersler\Derinogrenme_proje5\FracAtlas\images\Non_fractured\IMG0000330.jpg,0
C:\Users\ASUS\Desktop\dersler\Derinogrenme_proje5\FracAtlas\images\Fractured\IMG0002328.jpg,1
C:\Users\ASUS\Desktop\dersler\Derinogrenme_proje5\FracAtlas\images\Non_fractured\IMG0003141.jpg,0
C:\Users\ASUS\Desktop\dersler\Derinogrenme_proje5\FracAtlas\images\Fractured\IMG0002647.jpg,1
C:\Users\ASUS\Desktop\dersler\Derinogrenme_proje5\FracAtlas\images\Non_fractured\IMG0004019.jpg,0
C:\Users\ASUS\Desktop\dersler\Derinogrenme_proje5\FracAtlas\images\Non_fractured\IMG0001112.jpg,0
C:\Users\ASUS\Desktop\dersler\Derinogrenme_proje5\FracAtlas\images\Non_fractured\IMG0001878.jpg,0
C:\Users\ASUS\Desktop\dersler\Derinogrenme_proje5\FracAtlas\images\Non_fractured\IMG0000503.jpg,0
C:\Users\ASUS\Desktop\dersler\Derinogrenme_proje5\FracAtlas\images\Non_fractured\IMG0000880.jpg,0
C:\Users\ASUS\Desktop\dersler\Derinogrenme_proje5\FracAtlas\images\Non_fractured\IMG0000006.jpg,0
C:\Users\ASUS\Desktop\dersler\Derinogrenme_proje5\FracAtlas\images\Non_fractured\IMG0001881.jpg,0
C:\Users\ASUS\Desktop\dersler\Derinogrenme_proje5\FracAtlas\images\Non_fractured\IMG0003074.jpg,0
C:\Users\ASUS\Desktop\dersler\Derinogrenme_proje5\FracAtlas\images\Fractured\IMG0002432.jpg,1
C:\Users\ASUS\Desktop\dersler\Derinogrenme_proje5\FracAtlas\images\Non_fractured\IMG0003325.jpg,0
C:\Users\ASUS\Desktop\dersler\Derinogrenme_proje5\FracAtlas\images\Fractured\IMG0002497.jpg,1
C:\Users\ASUS\Desktop\dersler\Derinogrenme_proje5\FracAtlas\images\Non_fractured\IMG0002817.jpg,0
C:\Users\ASUS\Desktop\dersler\Derinogrenme_proje5\FracAtlas\images\Non_fractured\IMG0003772.jpg,0
C:\Users\ASUS\Desktop\dersler\Derinogrenme_proje5\FracAtlas\images\Fractured\IMG0003565.jpg,1
C:\Users\ASUS\Desktop\dersler\Derinogrenme_proje5\FracAtlas\images\Non_fractured\IMG0000956.jpg,0
C:\Users\ASUS\Desktop\dersler\Derinogrenme_proje5\FracAtlas\images\Fractured\IMG0002332.jpg,1
C:\Users\ASUS\Desktop\dersler\Derinogrenme_proje5\FracAtlas\images\Non_fractured\IMG0000672.jpg,0
C:\Users\ASUS\Desktop\dersler\Derinogrenme_proje5\FracAtlas\images\Non_fractured\IMG0003645.jpg,0
C:\Users\ASUS\Desktop\dersler\Derinogrenme_proje5\FracAtlas\images\Non_fractured\IMG0002005.jpg,0
C:\Users\ASUS\Desktop\dersler\Derinogrenme_proje5\FracAtlas\images\Non_fractured\IMG0001719.jpg,0
C:\Users\ASUS\Desktop\dersler\Derinogrenme_proje5\FracAtlas\images\Non_fractured\IMG0003268.jpg,0
C:\Users\ASUS\Desktop\dersler\Derinogrenme_proje5\FracAtlas\images\Fractured\IMG0003770.jpg,1
C:\Users\ASUS\Desktop\dersler\Derinogrenme_proje5\FracAtlas\images\Non_fractured\IMG0003546.jpg,0
C:\Users\ASUS\Desktop\dersler\Derinogrenme_proje5\FracAtlas\images\Non_fractured\IMG0002096.jpg,0
C:\Users\ASUS\Desktop\dersler\Derinogrenme_proje5\FracAtlas\images\Non_fractured\IMG0003186.jpg,0
C:\Users\ASUS\Desktop\dersler\Derinogrenme_proje5\FracAtlas\images\Fractured\IMG0003812.jpg,1
C:\Users\ASUS\Desktop\dersler\Derinogrenme_proje5\FracAtlas\images\Non_fractured\IMG0001508.jpg,0
C:\Users\ASUS\Desktop\dersler\Derinogrenme_proje5\FracAtlas\images\Non_fractured\IMG0000769.jpg,0
C:\Users\ASUS\Desktop\dersler\Derinogrenme_proje5\FracAtlas\images\Non_fractured\IMG0002977.jpg,0
C:\Users\ASUS\Desktop\dersler\Derinogrenme_proje5\FracAtlas\images\Non_fractured\IMG0000958.jpg,0
C:\Users\ASUS\Desktop\dersler\Derinogrenme_proje5\FracAtlas\images\Non_fractured\IMG0003536.jpg,0
C:\Users\ASUS\Desktop\dersler\Derinogrenme_proje5\FracAtlas\images\Non_fractured\IMG0003262.jpg,0
C:\Users\ASUS\Desktop\dersler\Derinogrenme_proje5\FracAtlas\images\Non_fractured\IMG0003491.jpg,0
C:\Users\ASUS\Desktop\dersler\Derinogrenme_proje5\FracAtlas\images\Fractured\IMG0001762.jpg,1
C:\Users\ASUS\Desktop\dersler\Derinogrenme_proje5\FracAtlas\images\Non_fractured\IMG0000893.jpg,0
C:\Users\ASUS\Desktop\dersler\Derinogrenme_proje5\FracAtlas\images\Fractured\IMG0002970.jpg,1
C:\Users\ASUS\Desktop\dersler\Derinogrenme_proje5\FracAtlas\images\Non_fractured\IMG0000392.jpg,0
C:\Users\ASUS\Desktop\dersler\Derinogrenme_proje5\FracAtlas\images\Fractured\IMG0002664.jpg,1
C:\Users\ASUS\Desktop\dersler\Derinogrenme_proje5\FracAtlas\images\Non_fractured\IMG0003110.jpg,0
C:\Users\ASUS\Desktop\dersler\Derinogrenme_proje5\FracAtlas\images\Non_fractured\IMG0000360.jpg,0
C:\Users\ASUS\Desktop\dersler\Derinogrenme_proje5\FracAtlas\images\Fractured\IMG0002423.jpg,1
C:\Users\ASUS\Desktop\dersler\Derinogrenme_proje5\FracAtlas\images\Non_fractured\IMG0000954.jpg,0
C:\Users\ASUS\Desktop\dersler\Derinogrenme_proje5\FracAtlas\images\Non_fractured\IMG0000011.jpg,0
C:\Users\ASUS\Desktop\dersler\Derinogrenme_proje5\FracAtlas\images\Non_fractured\IMG0000331.jpg,0
C:\Users\ASUS\Desktop\dersler\Derinogrenme_proje5\FracAtlas\images\Non_fractured\IMG0004164.jpg,0
C:\Users\ASUS\Desktop\dersler\Derinogrenme_proje5\FracAtlas\images\Non_fractured\IMG0002734.jpg,0
C:\Users\ASUS\Desktop\dersler\Derinogrenme_proje5\FracAtlas\images\Non_fractured\IMG0000250.jpg,0
C:\Users\ASUS\Desktop\dersler\Derinogrenme_proje5\FracAtlas\images\Fractured\IMG0001007.jpg,1
C:\Users\ASUS\Desktop\dersler\Derinogrenme_proje5\FracAtlas\images\Non_fractured\IMG0000791.jpg,0
C:\Users\ASUS\Desktop\dersler\Derinogrenme_proje5\FracAtlas\images\Non_fractured\IMG0000154.jpg,0
C:\Users\ASUS\Desktop\dersler\Derinogrenme_proje5\FracAtlas\images\Non_fractured\IMG0000113.jpg,0
C:\Users\ASUS\Desktop\dersler\Derinogrenme_proje5\FracAtlas\images\Non_fractured\IMG0001568.jpg,0
C:\Users\ASUS\Desktop\dersler\Derinogrenme_proje5\FracAtlas\images\Fractured\IMG0001980.jpg,1
C:\Users\ASUS\Desktop\dersler\Derinogrenme_proje5\FracAtlas\images\Non_fractured\IMG0003617.jpg,0
C:\Users\ASUS\Desktop\dersler\Derinogrenme_proje5\FracAtlas\images\Non_fractured\IMG0000317.jpg,0
C:\Users\ASUS\Desktop\dersler\Derinogrenme_proje5\FracAtlas\images\Non_fractured\IMG0000384.jpg,0
C:\Users\ASUS\Desktop\dersler\Derinogrenme_proje5\FracAtlas\images\Non_fractured\IMG0000939.jpg,0
C:\Users\ASUS\Desktop\dersler\Derinogrenme_proje5\FracAtlas\images\Non_fractured\IMG0002942.jpg,0
C:\Users\ASUS\Desktop\dersler\Derinogrenme_proje5\FracAtlas\images\Fractured\IMG0002321.jpg,1
C:\Users\ASUS\Desktop\dersler\Derinogrenme_proje5\FracAtlas\images\Non_fractured\IMG0000107.jpg,0
C:\Users\ASUS\Desktop\dersler\Derinogrenme_proje5\FracAtlas\images\Non_fractured\IMG0000297.jpg,0
C:\Users\ASUS\Desktop\dersler\Derinogrenme_proje5\FracAtlas\images\Non_fractured\IMG0001761.jpg,0
C:\Users\ASUS\Desktop\dersler\Derinogrenme_proje5\FracAtlas\images\Non_fractured\IMG0000373.jpg,0
C:\Users\ASUS\Desktop\dersler\Derinogrenme_proje5\FracAtlas\images\Non_fractured\IMG0000353.jpg,0
C:\Users\ASUS\Desktop\dersler\Derinogrenme_proje5\FracAtlas\images\Fractured\IMG0002438.jpg,1
C:\Users\ASUS\Desktop\dersler\Derinogrenme_proje5\FracAtlas\images\Non_fractured\IMG0002632.jpg,0
C:\Users\ASUS\Desktop\dersler\Derinogrenme_proje5\FracAtlas\images\Non_fractured\IMG0001749.jpg,0
C:\Users\ASUS\Desktop\dersler\Derinogrenme_proje5\FracAtlas\images\Non_fractured\IMG0003683.jpg,0
C:\Users\ASUS\Desktop\dersler\Derinogrenme_proje5\FracAtlas\images\Fractured\IMG0002303.jpg,1
C:\Users\ASUS\Desktop\dersler\Derinogrenme_proje5\FracAtlas\images\Non_fractured\IMG0002135.jpg,0
C:\Users\ASUS\Desktop\dersler\Derinogrenme_proje5\FracAtlas\images\Non_fractured\IMG0003129.jpg,0
C:\Users\ASUS\Desktop\dersler\Derinogrenme_proje5\FracAtlas\images\Non_fractured\IMG0003344.jpg,0
C:\Users\ASUS\Desktop\dersler\Derinogrenme_proje5\FracAtlas\images\Non_fractured\IMG0003328.jpg,0
C:\Users\ASUS\Desktop\dersler\Derinogrenme_proje5\FracAtlas\images\Non_fractured\IMG0002059.jpg,0
C:\Users\ASUS\Desktop\dersler\Derinogrenme_proje5\FracAtlas\images\Fractured\IMG0002298.jpg,1
C:\Users\ASUS\Desktop\dersler\Derinogrenme_proje5\FracAtlas\images\Non_fractured\IMG0000564.jpg,0
C:\Users\ASUS\Desktop\dersler\Derinogrenme_proje5\FracAtlas\images\Non_fractured\IMG0003623.jpg,0
C:\Users\ASUS\Desktop\dersler\Derinogrenme_proje5\FracAtlas\images\Non_fractured\IMG0003773.jpg,0
C:\Users\ASUS\Desktop\dersler\Derinogrenme_proje5\FracAtlas\images\Non_fractured\IMG0000788.jpg,0
C:\Users\ASUS\Desktop\dersler\Derinogrenme_proje5\FracAtlas\images\Non_fractured\IMG0003736.jpg,0
C:\Users\ASUS\Desktop\dersler\Derinogrenme_proje5\FracAtlas\images\Non_fractured\IMG0002172.jpg,0
C:\Users\ASUS\Desktop\dersler\Derinogrenme_proje5\FracAtlas\images\Non_fractured\IMG0001510.jpg,0
C:\Users\ASUS\Desktop\dersler\Derinogrenme_proje5\FracAtlas\images\Non_fractured\IMG0001665.jpg,0
C:\Users\ASUS\Desktop\dersler\Derinogrenme_proje5\FracAtlas\images\Non_fractured\IMG0000435.jpg,0
C:\Users\ASUS\Desktop\dersler\Derinogrenme_proje5\FracAtlas\images\Non_fractured\IMG0004112.jpg,0
C:\Users\ASUS\Desktop\dersler\Derinogrenme_proje5\FracAtlas\images\Fractured\IMG0000455.jpg,1
C:\Users\ASUS\Desktop\dersler\Derinogrenme_proje5\FracAtlas\images\Non_fractured\IMG0003889.jpg,0
C:\Users\ASUS\Desktop\dersler\Derinogrenme_proje5\FracAtlas\images\Non_fractured\IMG0002215.jpg,0
C:\Users\ASUS\Desktop\dersler\Derinogrenme_proje5\FracAtlas\images\Non_fractured\IMG0000460.jpg,0
C:\Users\ASUS\Desktop\dersler\Derinogrenme_proje5\FracAtlas\images\Non_fractured\IMG0001462.jpg,0
C:\Users\ASUS\Desktop\dersler\Derinogrenme_proje5\FracAtlas\images\Non_fractured\IMG0001492.jpg,0
C:\Users\ASUS\Desktop\dersler\Derinogrenme_proje5\FracAtlas\images\Non_fractured\IMG0001181.jpg,0
C:\Users\ASUS\Desktop\dersler\Derinogrenme_proje5\FracAtlas\images\Non_fractured\IMG0003680.jpg,0
C:\Users\ASUS\Desktop\dersler\Derinogrenme_proje5\FracAtlas\images\Non_fractured\IMG0001661.jpg,0
C:\Users\ASUS\Desktop\dersler\Derinogrenme_proje5\FracAtlas\images\Fractured\IMG0002479.jpg,1
C:\Users\ASUS\Desktop\dersler\Derinogrenme_proje5\FracAtlas\images\Non_fractured\IMG0003116.jpg,0
C:\Users\ASUS\Desktop\dersler\Derinogrenme_proje5\FracAtlas\images\Non_fractured\IMG0000287.jpg,0
C:\Users\ASUS\Desktop\dersler\Derinogrenme_proje5\FracAtlas\images\Non_fractured\IMG0001288.jpg,0
C:\Users\ASUS\Desktop\dersler\Derinogrenme_proje5\FracAtlas\images\Non_fractured\IMG0002276.jpg,0
C:\Users\ASUS\Desktop\dersler\Derinogrenme_proje5\FracAtlas\images\Non_fractured\IMG0002648.jpg,0
C:\Users\ASUS\Desktop\dersler\Derinogrenme_proje5\FracAtlas\images\Non_fractured\IMG0000542.jpg,0
C:\Users\ASUS\Desktop\dersler\Derinogrenme_proje5\FracAtlas\images\Non_fractured\IMG0003602.jpg,0
C:\Users\ASUS\Desktop\dersler\Derinogrenme_proje5\FracAtlas\images\Non_fractured\IMG0002012.jpg,0
C:\Users\ASUS\Desktop\dersler\Derinogrenme_proje5\FracAtlas\images\Fractured\IMG0002449.jpg,1
C:\Users\ASUS\Desktop\dersler\Derinogrenme_proje5\FracAtlas\images\Non_fractured\IMG0000345.jpg,0
C:\Users\ASUS\Desktop\dersler\Derinogrenme_proje5\FracAtlas\images\Fractured\IMG0002512.jpg,1
C:\Users\ASUS\Desktop\dersler\Derinogrenme_proje5\FracAtlas\images\Non_fractured\IMG0002669.jpg,0
C:\Users\ASUS\Desktop\dersler\Derinogrenme_proje5\FracAtlas\images\Non_fractured\IMG0003729.jpg,0
C:\Users\ASUS\Desktop\dersler\Derinogrenme_proje5\FracAtlas\images\Non_fractured\IMG0000009.jpg,0
C:\Users\ASUS\Desktop\dersler\Derinogrenme_proje5\FracAtlas\images\Non_fractured\IMG0000800.jpg,0
C:\Users\ASUS\Desktop\dersler\Derinogrenme_proje5\FracAtlas\images\Non_fractured\IMG0001055.jpg,0
C:\Users\ASUS\Desktop\dersler\Derinogrenme_proje5\FracAtlas\images\Non_fractured\IMG0000971.jpg,0
C:\Users\ASUS\Desktop\dersler\Derinogrenme_proje5\FracAtlas\images\Non_fractured\IMG0003780.jpg,0
C:\Users\ASUS\Desktop\dersler\Derinogrenme_proje5\FracAtlas\images\Non_fractured\IMG0004094.jpg,0
C:\Users\ASUS\Desktop\dersler\Derinogrenme_proje5\FracAtlas\images\Non_fractured\IMG0001696.jpg,0
C:\Users\ASUS\Desktop\dersler\Derinogrenme_proje5\FracAtlas\images\Non_fractured\IMG0000625.jpg,0
C:\Users\ASUS\Desktop\dersler\Derinogrenme_proje5\FracAtlas\images\Non_fractured\IMG0004108.jpg,0
C:\Users\ASUS\Desktop\dersler\Derinogrenme_proje5\FracAtlas\images\Fractured\IMG0002365.jpg,1
C:\Users\ASUS\Desktop\dersler\Derinogrenme_proje5\FracAtlas\images\Non_fractured\IMG0003481.jpg,0
C:\Users\ASUS\Desktop\dersler\Derinogrenme_proje5\FracAtlas\images\Fractured\IMG0001147.jpg,1
C:\Users\ASUS\Desktop\dersler\Derinogrenme_proje5\FracAtlas\images\Non_fractured\IMG0003581.jpg,0
C:\Users\ASUS\Desktop\dersler\Derinogrenme_proje5\FracAtlas\images\Non_fractured\IMG0000383.jpg,0
C:\Users\ASUS\Desktop\dersler\Derinogrenme_proje5\FracAtlas\images\Non_fractured\IMG0002792.jpg,0
C:\Users\ASUS\Desktop\dersler\Derinogrenme_proje5\FracAtlas\images\Non_fractured\IMG0002046.jpg,0
C:\Users\ASUS\Desktop\dersler\Derinogrenme_proje5\FracAtlas\images\Non_fractured\IMG0001213.jpg,0
C:\Users\ASUS\Desktop\dersler\Derinogrenme_proje5\FracAtlas\images\Non_fractured\IMG0000666.jpg,0
C:\Users\ASUS\Desktop\dersler\Derinogrenme_proje5\FracAtlas\images\Non_fractured\IMG0000034.jpg,0
C:\Users\ASUS\Desktop\dersler\Derinogrenme_proje5\FracAtlas\images\Fractured\IMG0003147.jpg,1
C:\Users\ASUS\Desktop\dersler\Derinogrenme_proje5\FracAtlas\images\Non_fractured\IMG0000591.jpg,0
C:\Users\ASUS\Desktop\dersler\Derinogrenme_proje5\FracAtlas\images\Non_fractured\IMG0001797.jpg,0
C:\Users\ASUS\Desktop\dersler\Derinogrenme_proje5\FracAtlas\images\Non_fractured\IMG0000778.jpg,0
C:\Users\ASUS\Desktop\dersler\Derinogrenme_proje5\FracAtlas\images\Non_fractured\IMG0002666.jpg,0
C:\Users\ASUS\Desktop\dersler\Derinogrenme_proje5\FracAtlas\images\Non_fractured\IMG0000740.jpg,0
C:\Users\ASUS\Desktop\dersler\Derinogrenme_proje5\FracAtlas\images\Non_fractured\IMG0000975.jpg,0
C:\Users\ASUS\Desktop\dersler\Derinogrenme_proje5\FracAtlas\images\Non_fractured\IMG0002728.jpg,0
C:\Users\ASUS\Desktop\dersler\Derinogrenme_proje5\FracAtlas\images\Non_fractured\IMG0000695.jpg,0
C:\Users\ASUS\Desktop\dersler\Derinogrenme_proje5\FracAtlas\images\Non_fractured\IMG0002027.jpg,0
C:\Users\ASUS\Desktop\dersler\Derinogrenme_proje5\FracAtlas\images\Non_fractured\IMG0000889.jpg,0
C:\Users\ASUS\Desktop\dersler\Derinogrenme_proje5\FracAtlas\images\Non_fractured\IMG0002017.jpg,0
C:\Users\ASUS\Desktop\dersler\Derinogrenme_proje5\FracAtlas\images\Non_fractured\IMG0002876.jpg,0
C:\Users\ASUS\Desktop\dersler\Derinogrenme_proje5\FracAtlas\images\Non_fractured\IMG0003895.jpg,0
C:\Users\ASUS\Desktop\dersler\Derinogrenme_proje5\FracAtlas\images\Non_fractured\IMG0001917.jpg,0
C:\Users\ASUS\Desktop\dersler\Derinogrenme_proje5\FracAtlas\images\Non_fractured\IMG0001656.jpg,0
C:\Users\ASUS\Desktop\dersler\Derinogrenme_proje5\FracAtlas\images\Non_fractured\IMG0002052.jpg,0
C:\Users\ASUS\Desktop\dersler\Derinogrenme_proje5\FracAtlas\images\Fractured\IMG0002352.jpg,1
C:\Users\ASUS\Desktop\dersler\Derinogrenme_proje5\FracAtlas\images\Non_fractured\IMG0001301.jpg,0
C:\Users\ASUS\Desktop\dersler\Derinogrenme_proje5\FracAtlas\images\Non_fractured\IMG0001020.jpg,0
C:\Users\ASUS\Desktop\dersler\Derinogrenme_proje5\FracAtlas\images\Non_fractured\IMG0001945.jpg,0
C:\Users\ASUS\Desktop\dersler\Derinogrenme_proje5\FracAtlas\images\Fractured\IMG0001151.jpg,1
C:\Users\ASUS\Desktop\dersler\Derinogrenme_proje5\FracAtlas\images\Non_fractured\IMG0000504.jpg,0
C:\Users\ASUS\Desktop\dersler\Derinogrenme_proje5\FracAtlas\images\Non_fractured\IMG0002089.jpg,0
C:\Users\ASUS\Desktop\dersler\Derinogrenme_proje5\FracAtlas\images\Fractured\IMG0000777.jpg,1
C:\Users\ASUS\Desktop\dersler\Derinogrenme_proje5\FracAtlas\images\Non_fractured\IMG0004027.jpg,0
C:\Users\ASUS\Desktop\dersler\Derinogrenme_proje5\FracAtlas\images\Non_fractured\IMG0002192.jpg,0
C:\Users\ASUS\Desktop\dersler\Derinogrenme_proje5\FracAtlas\images\Non_fractured\IMG0000721.jpg,0
C:\Users\ASUS\Desktop\dersler\Derinogrenme_proje5\FracAtlas\images\Fractured\IMG0002335.jpg,1
C:\Users\ASUS\Desktop\dersler\Derinogrenme_proje5\FracAtlas\images\Non_fractured\IMG0002811.jpg,0
C:\Users\ASUS\Desktop\dersler\Derinogrenme_proje5\FracAtlas\images\Non_fractured\IMG0000026.jpg,0
C:\Users\ASUS\Desktop\dersler\Derinogrenme_proje5\FracAtlas\images\Non_fractured\IMG0002188.jpg,0
C:\Users\ASUS\Desktop\dersler\Derinogrenme_proje5\FracAtlas\images\Fractured\IMG0003311.jpg,1
C:\Users\ASUS\Desktop\dersler\Derinogrenme_proje5\FracAtlas\images\Non_fractured\IMG0000589.jpg,0
C:\Users\ASUS\Desktop\dersler\Derinogrenme_proje5\FracAtlas\images\Non_fractured\IMG0001576.jpg,0
C:\Users\ASUS\Desktop\dersler\Derinogrenme_proje5\FracAtlas\images\Non_fractured\IMG0000214.jpg,0
C:\Users\ASUS\Desktop\dersler\Derinogrenme_proje5\FracAtlas\images\Non_fractured\IMG0004314.jpg,0
C:\Users\ASUS\Desktop\dersler\Derinogrenme_proje5\FracAtlas\images\Non_fractured\IMG0002083.jpg,0
C:\Users\ASUS\Desktop\dersler\Derinogrenme_proje5\FracAtlas\images\Non_fractured\IMG0003306.jpg,0
C:\Users\ASUS\Desktop\dersler\Derinogrenme_proje5\FracAtlas\images\Non_fractured\IMG0002661.jpg,0
C:\Users\ASUS\Desktop\dersler\Derinogrenme_proje5\FracAtlas\images\Fractured\IMG0002123.jpg,1
C:\Users\ASUS\Desktop\dersler\Derinogrenme_proje5\FracAtlas\images\Non_fractured\IMG0000199.jpg,0
C:\Users\ASUS\Desktop\dersler\Derinogrenme_proje5\FracAtlas\images\Non_fractured\IMG0001403.jpg,0
C:\Users\ASUS\Desktop\dersler\Derinogrenme_proje5\FracAtlas\images\Fractured\IMG0003172.jpg,1
C:\Users\ASUS\Desktop\dersler\Derinogrenme_proje5\FracAtlas\images\Non_fractured\IMG0003363.jpg,0
C:\Users\ASUS\Desktop\dersler\Derinogrenme_proje5\FracAtlas\images\Non_fractured\IMG0002150.jpg,0
C:\Users\ASUS\Desktop\dersler\Derinogrenme_proje5\FracAtlas\images\Non_fractured\IMG0003880.jpg,0
C:\Users\ASUS\Desktop\dersler\Derinogrenme_proje5\FracAtlas\images\Non_fractured\IMG0000759.jpg,0
C:\Users\ASUS\Desktop\dersler\Derinogrenme_proje5\FracAtlas\images\Non_fractured\IMG0002029.jpg,0
C:\Users\ASUS\Desktop\dersler\Derinogrenme_proje5\FracAtlas\images\Non_fractured\IMG0002271.jpg,0
C:\Users\ASUS\Desktop\dersler\Derinogrenme_proje5\FracAtlas\images\Fractured\IMG0000206.jpg,1
C:\Users\ASUS\Desktop\dersler\Derinogrenme_proje5\FracAtlas\images\Non_fractured\IMG0003229.jpg,0
C:\Users\ASUS\Desktop\dersler\Derinogrenme_proje5\FracAtlas\images\Non_fractured\IMG0000301.jpg,0
C:\Users\ASUS\Desktop\dersler\Derinogrenme_proje5\FracAtlas\images\Non_fractured\IMG0001439.jpg,0
C:\Users\ASUS\Desktop\dersler\Derinogrenme_proje5\FracAtlas\images\Non_fractured\IMG0001446.jpg,0
C:\Users\ASUS\Desktop\dersler\Derinogrenme_proje5\FracAtlas\images\Fractured\IMG0002426.jpg,1
C:\Users\ASUS\Desktop\dersler\Derinogrenme_proje5\FracAtlas\images\Non_fractured\IMG0003917.jpg,0
C:\Users\ASUS\Desktop\dersler\Derinogrenme_proje5\FracAtlas\images\Non_fractured\IMG0003912.jpg,0
C:\Users\ASUS\Desktop\dersler\Derinogrenme_proje5\FracAtlas\images\Non_fractured\IMG0002190.jpg,0
C:\Users\ASUS\Desktop\dersler\Derinogrenme_proje5\FracAtlas\images\Fractured\IMG0002493.jpg,1
C:\Users\ASUS\Desktop\dersler\Derinogrenme_proje5\FracAtlas\images\Non_fractured\IMG0003795.jpg,0
C:\Users\ASUS\Desktop\dersler\Derinogrenme_proje5\FracAtlas\images\Non_fractured\IMG0003066.jpg,0
C:\Users\ASUS\Desktop\dersler\Derinogrenme_proje5\FracAtlas\images\Non_fractured\IMG0003648.jpg,0
C:\Users\ASUS\Desktop\dersler\Derinogrenme_proje5\FracAtlas\images\Non_fractured\IMG0000313.jpg,0
C:\Users\ASUS\Desktop\dersler\Derinogrenme_proje5\FracAtlas\images\Non_fractured\IMG0000332.jpg,0
C:\Users\ASUS\Desktop\dersler\Derinogrenme_proje5\FracAtlas\images\Non_fractured\IMG0000741.jpg,0
C:\Users\ASUS\Desktop\dersler\Derinogrenme_proje5\FracAtlas\images\Non_fractured\IMG0000475.jpg,0
C:\Users\ASUS\Desktop\dersler\Derinogrenme_proje5\FracAtlas\images\Non_fractured\IMG0002250.jpg,0
C:\Users\ASUS\Desktop\dersler\Derinogrenme_proje5\FracAtlas\images\Non_fractured\IMG0001476.jpg,0
C:\Users\ASUS\Desktop\dersler\Derinogrenme_proje5\FracAtlas\images\Non_fractured\IMG0003002.jpg,0
C:\Users\ASUS\Desktop\dersler\Derinogrenme_proje5\FracAtlas\images\Non_fractured\IMG0003723.jpg,0
C:\Users\ASUS\Desktop\dersler\Derinogrenme_proje5\FracAtlas\images\Fractured\IMG0002515.jpg,1
C:\Users\ASUS\Desktop\dersler\Derinogrenme_proje5\FracAtlas\images\Non_fractured\IMG0000720.jpg,0
C:\Users\ASUS\Desktop\dersler\Derinogrenme_proje5\FracAtlas\images\Non_fractured\IMG0000645.jpg,0
C:\Users\ASUS\Desktop\dersler\Derinogrenme_proje5\FracAtlas\images\Non_fractured\IMG0002760.jpg,0
C:\Users\ASUS\Desktop\dersler\Derinogrenme_proje5\FracAtlas\images\Non_fractured\IMG0003878.jpg,0
C:\Users\ASUS\Desktop\dersler\Derinogrenme_proje5\FracAtlas\images\Fractured\IMG0002498.jpg,1
C:\Users\ASUS\Desktop\dersler\Derinogrenme_proje5\FracAtlas\images\Fractured\IMG0002319.jpg,1
C:\Users\ASUS\Desktop\dersler\Derinogrenme_proje5\FracAtlas\images\Fractured\IMG0001025.jpg,1
C:\Users\ASUS\Desktop\dersler\Derinogrenme_proje5\FracAtlas\images\Non_fractured\IMG0001291.jpg,0
C:\Users\ASUS\Desktop\dersler\Derinogrenme_proje5\FracAtlas\images\Non_fractured\IMG0002838.jpg,0
C:\Users\ASUS\Desktop\dersler\Derinogrenme_proje5\FracAtlas\images\Non_fractured\IMG0002124.jpg,0
C:\Users\ASUS\Desktop\dersler\Derinogrenme_proje5\FracAtlas\images\Non_fractured\IMG0002640.jpg,0
C:\Users\ASUS\Desktop\dersler\Derinogrenme_proje5\FracAtlas\images\Fractured\IMG0004068.jpg,1
C:\Users\ASUS\Desktop\dersler\Derinogrenme_proje5\FracAtlas\images\Non_fractured\IMG0003923.jpg,0
C:\Users\ASUS\Desktop\dersler\Derinogrenme_proje5\FracAtlas\images\Non_fractured\IMG0000286.jpg,0
C:\Users\ASUS\Desktop\dersler\Derinogrenme_proje5\FracAtlas\images\Non_fractured\IMG0004263.jpg,0
C:\Users\ASUS\Desktop\dersler\Derinogrenme_proje5\FracAtlas\images\Fractured\IMG0002590.jpg,1
C:\Users\ASUS\Desktop\dersler\Derinogrenme_proje5\FracAtlas\images\Fractured\IMG0000599.jpg,1
C:\Users\ASUS\Desktop\dersler\Derinogrenme_proje5\FracAtlas\images\Non_fractured\IMG0001975.jpg,0
C:\Users\ASUS\Desktop\dersler\Derinogrenme_proje5\FracAtlas\images\Non_fractured\IMG0001918.jpg,0
C:\Users\ASUS\Desktop\dersler\Derinogrenme_proje5\FracAtlas\images\Non_fractured\IMG0001161.jpg,0
C:\Users\ASUS\Desktop\dersler\Derinogrenme_proje5\FracAtlas\images\Non_fractured\IMG0003538.jpg,0
C:\Users\ASUS\Desktop\dersler\Derinogrenme_proje5\FracAtlas\images\Fractured\IMG0003893.jpg,1
C:\Users\ASUS\Desktop\dersler\Derinogrenme_proje5\FracAtlas\images\Non_fractured\IMG0002173.jpg,0
C:\Users\ASUS\Desktop\dersler\Derinogrenme_proje5\FracAtlas\images\Non_fractured\IMG0000094.jpg,0
C:\Users\ASUS\Desktop\dersler\Derinogrenme_proje5\FracAtlas\images\Non_fractured\IMG0003246.jpg,0
C:\Users\ASUS\Desktop\dersler\Derinogrenme_proje5\FracAtlas\images\Fractured\IMG0002378.jpg,1
C:\Users\ASUS\Desktop\dersler\Derinogrenme_proje5\FracAtlas\images\Fractured\IMG0000044.jpg,1
C:\Users\ASUS\Desktop\dersler\Derinogrenme_proje5\FracAtlas\images\Non_fractured\IMG0000170.jpg,0
C:\Users\ASUS\Desktop\dersler\Derinogrenme_proje5\FracAtlas\images\Non_fractured\IMG0001258.jpg,0
C:\Users\ASUS\Desktop\dersler\Derinogrenme_proje5\FracAtlas\images\Fractured\IMG0002326.jpg,1
C:\Users\ASUS\Desktop\dersler\Derinogrenme_proje5\FracAtlas\images\Fractured\IMG0002485.jpg,1
C:\Users\ASUS\Desktop\dersler\Derinogrenme_proje5\FracAtlas\images\Fractured\IMG0003733.jpg,1
C:\Users\ASUS\Desktop\dersler\Derinogrenme_proje5\FracAtlas\images\Fractured\IMG0004071.jpg,1
C:\Users\ASUS\Desktop\dersler\Derinogrenme_proje5\FracAtlas\images\Non_fractured\IMG0002852.jpg,0
C:\Users\ASUS\Desktop\dersler\Derinogrenme_proje5\FracAtlas\images\Non_fractured\IMG0000749.jpg,0
C:\Users\ASUS\Desktop\dersler\Derinogrenme_proje5\FracAtlas\images\Fractured\IMG0002478.jpg,1
C:\Users\ASUS\Desktop\dersler\Derinogrenme_proje5\FracAtlas\images\Non_fractured\IMG0003728.jpg,0
C:\Users\ASUS\Desktop\dersler\Derinogrenme_proje5\FracAtlas\images\Non_fractured\IMG0003716.jpg,0
C:\Users\ASUS\Desktop\dersler\Derinogrenme_proje5\FracAtlas\images\Non_fractured\IMG0000270.jpg,0
C:\Users\ASUS\Desktop\dersler\Derinogrenme_proje5\FracAtlas\images\Non_fractured\IMG0003699.jpg,0
C:\Users\ASUS\Desktop\dersler\Derinogrenme_proje5\FracAtlas\images\Non_fractured\IMG0000567.jpg,0
C:\Users\ASUS\Desktop\dersler\Derinogrenme_proje5\FracAtlas\images\Non_fractured\IMG0000484.jpg,0
C:\Users\ASUS\Desktop\dersler\Derinogrenme_proje5\FracAtlas\images\Non_fractured\IMG0001490.jpg,0
C:\Users\ASUS\Desktop\dersler\Derinogrenme_proje5\FracAtlas\images\Non_fractured\IMG0003107.jpg,0
C:\Users\ASUS\Desktop\dersler\Derinogrenme_proje5\FracAtlas\images\Non_fractured\IMG0001783.jpg,0
C:\Users\ASUS\Desktop\dersler\Derinogrenme_proje5\FracAtlas\images\Non_fractured\IMG0000428.jpg,0
C:\Users\ASUS\Desktop\dersler\Derinogrenme_proje5\FracAtlas\images\Non_fractured\IMG0003776.jpg,0
C:\Users\ASUS\Desktop\dersler\Derinogrenme_proje5\FracAtlas\images\Non_fractured\IMG0000367.jpg,0
C:\Users\ASUS\Desktop\dersler\Derinogrenme_proje5\FracAtlas\images\Non_fractured\IMG0001109.jpg,0
C:\Users\ASUS\Desktop\dersler\Derinogrenme_proje5\FracAtlas\images\Fractured\IMG0004370.jpg,1
C:\Users\ASUS\Desktop\dersler\Derinogrenme_proje5\FracAtlas\images\Fractured\IMG0003121.jpg,1
C:\Users\ASUS\Desktop\dersler\Derinogrenme_proje5\FracAtlas\images\Non_fractured\IMG0001044.jpg,0
C:\Users\ASUS\Desktop\dersler\Derinogrenme_proje5\FracAtlas\images\Fractured\IMG0003942.jpg,1
C:\Users\ASUS\Desktop\dersler\Derinogrenme_proje5\FracAtlas\images\Non_fractured\IMG0003118.jpg,0
C:\Users\ASUS\Desktop\dersler\Derinogrenme_proje5\FracAtlas\images\Fractured\IMG0003821.jpg,1
C:\Users\ASUS\Desktop\dersler\Derinogrenme_proje5\FracAtlas\images\Non_fractured\IMG0001851.jpg,0
C:\Users\ASUS\Desktop\dersler\Derinogrenme_proje5\FracAtlas\images\Non_fractured\IMG0004167.jpg,0
C:\Users\ASUS\Desktop\dersler\Derinogrenme_proje5\FracAtlas\images\Non_fractured\IMG0000926.jpg,0
C:\Users\ASUS\Desktop\dersler\Derinogrenme_proje5\FracAtlas\images\Non_fractured\IMG0003386.jpg,0
C:\Users\ASUS\Desktop\dersler\Derinogrenme_proje5\FracAtlas\images\Fractured\IMG0001546.jpg,1
C:\Users\ASUS\Desktop\dersler\Derinogrenme_proje5\FracAtlas\images\Non_fractured\IMG0001503.jpg,0
C:\Users\ASUS\Desktop\dersler\Derinogrenme_proje5\FracAtlas\images\Non_fractured\IMG0003337.jpg,0
C:\Users\ASUS\Desktop\dersler\Derinogrenme_proje5\FracAtlas\images\Non_fractured\IMG0001254.jpg,0
C:\Users\ASUS\Desktop\dersler\Derinogrenme_proje5\FracAtlas\images\Fractured\IMG0003477.jpg,1
C:\Users\ASUS\Desktop\dersler\Derinogrenme_proje5\FracAtlas\images\Non_fractured\IMG0002279.jpg,0
C:\Users\ASUS\Desktop\dersler\Derinogrenme_proje5\FracAtlas\images\Non_fractured\IMG0003560.jpg,0
C:\Users\ASUS\Desktop\dersler\Derinogrenme_proje5\FracAtlas\images\Non_fractured\IMG0000627.jpg,0
C:\Users\ASUS\Desktop\dersler\Derinogrenme_proje5\FracAtlas\images\Fractured\IMG0004208.jpg,1
C:\Users\ASUS\Desktop\dersler\Derinogrenme_proje5\FracAtlas\images\Non_fractured\IMG0001316.jpg,0
C:\Users\ASUS\Desktop\dersler\Derinogrenme_proje5\FracAtlas\images\Non_fractured\IMG0003697.jpg,0
C:\Users\ASUS\Desktop\dersler\Derinogrenme_proje5\FracAtlas\images\Non_fractured\IMG0001138.jpg,0
C:\Users\ASUS\Desktop\dersler\Derinogrenme_proje5\FracAtlas\images\Non_fractured\IMG0002138.jpg,0
C:\Users\ASUS\Desktop\dersler\Derinogrenme_proje5\FracAtlas\images\Non_fractured\IMG0001735.jpg,0
C:\Users\ASUS\Desktop\dersler\Derinogrenme_proje5\FracAtlas\images\Non_fractured\IMG0000104.jpg,0
C:\Users\ASUS\Desktop\dersler\Derinogrenme_proje5\FracAtlas\images\Fractured\IMG0004232.jpg,1
C:\Users\ASUS\Desktop\dersler\Derinogrenme_proje5\FracAtlas\images\Non_fractured\IMG0003443.jpg,0
C:\Users\ASUS\Desktop\dersler\Derinogrenme_proje5\FracAtlas\images\Non_fractured\IMG0001197.jpg,0
C:\Users\ASUS\Desktop\dersler\Derinogrenme_proje5\FracAtlas\images\Non_fractured\IMG0002804.jpg,0
C:\Users\ASUS\Desktop\dersler\Derinogrenme_proje5\FracAtlas\images\Non_fractured\IMG0004277.jpg,0
C:\Users\ASUS\Desktop\dersler\Derinogrenme_proje5\FracAtlas\images\Non_fractured\IMG0002796.jpg,0
C:\Users\ASUS\Desktop\dersler\Derinogrenme_proje5\FracAtlas\images\Non_fractured\IMG0000912.jpg,0
C:\Users\ASUS\Desktop\dersler\Derinogrenme_proje5\FracAtlas\images\Non_fractured\IMG0000436.jpg,0
C:\Users\ASUS\Desktop\dersler\Derinogrenme_proje5\FracAtlas\images\Non_fractured\IMG0002204.jpg,0
C:\Users\ASUS\Desktop\dersler\Derinogrenme_proje5\FracAtlas\images\Non_fractured\IMG0002016.jpg,0
C:\Users\ASUS\Desktop\dersler\Derinogrenme_proje5\FracAtlas\images\Non_fractured\IMG0003988.jpg,0
C:\Users\ASUS\Desktop\dersler\Derinogrenme_proje5\FracAtlas\images\Non_fractured\IMG0003045.jpg,0
C:\Users\ASUS\Desktop\dersler\Derinogrenme_proje5\FracAtlas\images\Fractured\IMG0002834.jpg,1
C:\Users\ASUS\Desktop\dersler\Derinogrenme_proje5\FracAtlas\images\Non_fractured\IMG0004189.jpg,0
C:\Users\ASUS\Desktop\dersler\Derinogrenme_proje5\FracAtlas\images\Non_fractured\IMG0000164.jpg,0
C:\Users\ASUS\Desktop\dersler\Derinogrenme_proje5\FracAtlas\images\Non_fractured\IMG0003665.jpg,0
C:\Users\ASUS\Desktop\dersler\Derinogrenme_proje5\FracAtlas\images\Non_fractured\IMG0003573.jpg,0
C:\Users\ASUS\Desktop\dersler\Derinogrenme_proje5\FracAtlas\images\Non_fractured\IMG0000076.jpg,0
C:\Users\ASUS\Desktop\dersler\Derinogrenme_proje5\FracAtlas\images\Non_fractured\IMG0003231.jpg,0
C:\Users\ASUS\Desktop\dersler\Derinogrenme_proje5\FracAtlas\images\Non_fractured\IMG0000336.jpg,0
C:\Users\ASUS\Desktop\dersler\Derinogrenme_proje5\FracAtlas\images\Non_fractured\IMG0000933.jpg,0
C:\Users\ASUS\Desktop\dersler\Derinogrenme_proje5\FracAtlas\images\Fractured\IMG0003953.jpg,1
C:\Users\ASUS\Desktop\dersler\Derinogrenme_proje5\FracAtlas\images\Non_fractured\IMG0001061.jpg,0
C:\Users\ASUS\Desktop\dersler\Derinogrenme_proje5\FracAtlas\images\Non_fractured\IMG0004304.jpg,0
C:\Users\ASUS\Desktop\dersler\Derinogrenme_proje5\FracAtlas\images\Non_fractured\IMG0001098.jpg,0
C:\Users\ASUS\Desktop\dersler\Derinogrenme_proje5\FracAtlas\images\Fractured\IMG0002589.jpg,1
C:\Users\ASUS\Desktop\dersler\Derinogrenme_proje5\FracAtlas\images\Non_fractured\IMG0001144.jpg,0
C:\Users\ASUS\Desktop\dersler\Derinogrenme_proje5\FracAtlas\images\Non_fractured\IMG0000588.jpg,0
C:\Users\ASUS\Desktop\dersler\Derinogrenme_proje5\FracAtlas\images\Non_fractured\IMG0002924.jpg,0
C:\Users\ASUS\Desktop\dersler\Derinogrenme_proje5\FracAtlas\images\Non_fractured\IMG0000246.jpg,0
C:\Users\ASUS\Desktop\dersler\Derinogrenme_proje5\FracAtlas\images\Non_fractured\IMG0001534.jpg,0
C:\Users\ASUS\Desktop\dersler\Derinogrenme_proje5\FracAtlas\images\Non_fractured\IMG0004188.jpg,0
C:\Users\ASUS\Desktop\dersler\Derinogrenme_proje5\FracAtlas\images\Fractured\IMG0002567.jpg,1
C:\Users\ASUS\Desktop\dersler\Derinogrenme_proje5\FracAtlas\images\Non_fractured\IMG0000201.jpg,0
C:\Users\ASUS\Desktop\dersler\Derinogrenme_proje5\FracAtlas\images\Non_fractured\IMG0001563.jpg,0
C:\Users\ASUS\Desktop\dersler\Derinogrenme_proje5\FracAtlas\images\Fractured\IMG0002504.jpg,1
C:\Users\ASUS\Desktop\dersler\Derinogrenme_proje5\FracAtlas\images\Non_fractured\IMG0002191.jpg,0
C:\Users\ASUS\Desktop\dersler\Derinogrenme_proje5\FracAtlas\images\Non_fractured\IMG0000434.jpg,0
C:\Users\ASUS\Desktop\dersler\Derinogrenme_proje5\FracAtlas\images\Non_fractured\IMG0001117.jpg,0
C:\Users\ASUS\Desktop\dersler\Derinogrenme_proje5\FracAtlas\images\Non_fractured\IMG0003303.jpg,0
C:\Users\ASUS\Desktop\dersler\Derinogrenme_proje5\FracAtlas\images\Non_fractured\IMG0001472.jpg,0
C:\Users\ASUS\Desktop\dersler\Derinogrenme_proje5\FracAtlas\images\Non_fractured\IMG0000474.jpg,0
C:\Users\ASUS\Desktop\dersler\Derinogrenme_proje5\FracAtlas\images\Non_fractured\IMG0000890.jpg,0
C:\Users\ASUS\Desktop\dersler\Derinogrenme_proje5\FracAtlas\images\Fractured\IMG0002701.jpg,1
C:\Users\ASUS\Desktop\dersler\Derinogrenme_proje5\FracAtlas\images\Non_fractured\IMG0003789.jpg,0
C:\Users\ASUS\Desktop\dersler\Derinogrenme_proje5\FracAtlas\images\Non_fractured\IMG0003742.jpg,0
C:\Users\ASUS\Desktop\dersler\Derinogrenme_proje5\FracAtlas\images\Non_fractured\IMG0001354.jpg,0
C:\Users\ASUS\Desktop\dersler\Derinogrenme_proje5\FracAtlas\images\Fractured\IMG0003625.jpg,1
C:\Users\ASUS\Desktop\dersler\Derinogrenme_proje5\FracAtlas\images\Non_fractured\IMG0000422.jpg,0
C:\Users\ASUS\Desktop\dersler\Derinogrenme_proje5\FracAtlas\images\Non_fractured\IMG0001186.jpg,0
C:\Users\ASUS\Desktop\dersler\Derinogrenme_proje5\FracAtlas\images\Non_fractured\IMG0001702.jpg,0
C:\Users\ASUS\Desktop\dersler\Derinogrenme_proje5\FracAtlas\images\Non_fractured\IMG0003860.jpg,0
C:\Users\ASUS\Desktop\dersler\Derinogrenme_proje5\FracAtlas\images\Non_fractured\IMG0001011.jpg,0
C:\Users\ASUS\Desktop\dersler\Derinogrenme_proje5\FracAtlas\images\Non_fractured\IMG0000239.jpg,0
C:\Users\ASUS\Desktop\dersler\Derinogrenme_proje5\FracAtlas\images\Non_fractured\IMG0001133.jpg,0
C:\Users\ASUS\Desktop\dersler\Derinogrenme_proje5\FracAtlas\images\Non_fractured\IMG0000146.jpg,0
C:\Users\ASUS\Desktop\dersler\Derinogrenme_proje5\FracAtlas\images\Non_fractured\IMG0002883.jpg,0
C:\Users\ASUS\Desktop\dersler\Derinogrenme_proje5\FracAtlas\images\Non_fractured\IMG0000326.jpg,0
C:\Users\ASUS\Desktop\dersler\Derinogrenme_proje5\FracAtlas\images\Fractured\IMG0002536.jpg,1
C:\Users\ASUS\Desktop\dersler\Derinogrenme_proje5\FracAtlas\images\Non_fractured\IMG0004107.jpg,0
C:\Users\ASUS\Desktop\dersler\Derinogrenme_proje5\FracAtlas\images\Non_fractured\IMG0000228.jpg,0
C:\Users\ASUS\Desktop\dersler\Derinogrenme_proje5\FracAtlas\images\Non_fractured\IMG0000810.jpg,0
C:\Users\ASUS\Desktop\dersler\Derinogrenme_proje5\FracAtlas\images\Non_fractured\IMG0000162.jpg,0
C:\Users\ASUS\Desktop\dersler\Derinogrenme_proje5\FracAtlas\images\Non_fractured\IMG0000459.jpg,0
C:\Users\ASUS\Desktop\dersler\Derinogrenme_proje5\FracAtlas\images\Non_fractured\IMG0001856.jpg,0
C:\Users\ASUS\Desktop\dersler\Derinogrenme_proje5\FracAtlas\images\Non_fractured\IMG0001329.jpg,0
C:\Users\ASUS\Desktop\dersler\Derinogrenme_proje5\FracAtlas\images\Non_fractured\IMG0000968.jpg,0
C:\Users\ASUS\Desktop\dersler\Derinogrenme_proje5\FracAtlas\images\Non_fractured\IMG0003725.jpg,0
C:\Users\ASUS\Desktop\dersler\Derinogrenme_proje5\FracAtlas\images\Non_fractured\IMG0000315.jpg,0
C:\Users\ASUS\Desktop\dersler\Derinogrenme_proje5\FracAtlas\images\Non_fractured\IMG0002842.jpg,0
C:\Users\ASUS\Desktop\dersler\Derinogrenme_proje5\FracAtlas\images\Non_fractured\IMG0003154.jpg,0
C:\Users\ASUS\Desktop\dersler\Derinogrenme_proje5\FracAtlas\images\Fractured\IMG0002322.jpg,1
C:\Users\ASUS\Desktop\dersler\Derinogrenme_proje5\FracAtlas\images\Non_fractured\IMG0000857.jpg,0
C:\Users\ASUS\Desktop\dersler\Derinogrenme_proje5\FracAtlas\images\Non_fractured\IMG0001506.jpg,0
C:\Users\ASUS\Desktop\dersler\Derinogrenme_proje5\FracAtlas\images\Non_fractured\IMG0001855.jpg,0
C:\Users\ASUS\Desktop\dersler\Derinogrenme_proje5\FracAtlas\images\Non_fractured\IMG0000115.jpg,0
C:\Users\ASUS\Desktop\dersler\Derinogrenme_proje5\FracAtlas\images\Fractured\IMG0002568.jpg,1
C:\Users\ASUS\Desktop\dersler\Derinogrenme_proje5\FracAtlas\images\Non_fractured\IMG0001352.jpg,0
C:\Users\ASUS\Desktop\dersler\Derinogrenme_proje5\FracAtlas\images\Non_fractured\IMG0001809.jpg,0
C:\Users\ASUS\Desktop\dersler\Derinogrenme_proje5\FracAtlas\images\Non_fractured\IMG0000983.jpg,0
C:\Users\ASUS\Desktop\dersler\Derinogrenme_proje5\FracAtlas\images\Non_fractured\IMG0003735.jpg,0
C:\Users\ASUS\Desktop\dersler\Derinogrenme_proje5\FracAtlas\images\Non_fractured\IMG0002930.jpg,0
C:\Users\ASUS\Desktop\dersler\Derinogrenme_proje5\FracAtlas\images\Non_fractured\IMG0000416.jpg,0
C:\Users\ASUS\Desktop\dersler\Derinogrenme_proje5\FracAtlas\images\Non_fractured\IMG0001262.jpg,0
C:\Users\ASUS\Desktop\dersler\Derinogrenme_proje5\FracAtlas\images\Non_fractured\IMG0003948.jpg,0
C:\Users\ASUS\Desktop\dersler\Derinogrenme_proje5\FracAtlas\images\Non_fractured\IMG0000891.jpg,0
C:\Users\ASUS\Desktop\dersler\Derinogrenme_proje5\FracAtlas\images\Non_fractured\IMG0001207.jpg,0
C:\Users\ASUS\Desktop\dersler\Derinogrenme_proje5\FracAtlas\images\Non_fractured\IMG0003631.jpg,0
C:\Users\ASUS\Desktop\dersler\Derinogrenme_proje5\FracAtlas\images\Fractured\IMG0002602.jpg,1
C:\Users\ASUS\Desktop\dersler\Derinogrenme_proje5\FracAtlas\images\Non_fractured\IMG0001002.jpg,0
C:\Users\ASUS\Desktop\dersler\Derinogrenme_proje5\FracAtlas\images\Non_fractured\IMG0001275.jpg,0
C:\Users\ASUS\Desktop\dersler\Derinogrenme_proje5\FracAtlas\images\Non_fractured\IMG0003808.jpg,0
C:\Users\ASUS\Desktop\dersler\Derinogrenme_proje5\FracAtlas\images\Non_fractured\IMG0000794.jpg,0
C:\Users\ASUS\Desktop\dersler\Derinogrenme_proje5\FracAtlas\images\Non_fractured\IMG0001034.jpg,0
C:\Users\ASUS\Desktop\dersler\Derinogrenme_proje5\FracAtlas\images\Non_fractured\IMG0001836.jpg,0
C:\Users\ASUS\Desktop\dersler\Derinogrenme_proje5\FracAtlas\images\Non_fractured\IMG0001487.jpg,0
C:\Users\ASUS\Desktop\dersler\Derinogrenme_proje5\FracAtlas\images\Non_fractured\IMG0003210.jpg,0
C:\Users\ASUS\Desktop\dersler\Derinogrenme_proje5\FracAtlas\images\Non_fractured\IMG0000719.jpg,0
C:\Users\ASUS\Desktop\dersler\Derinogrenme_proje5\FracAtlas\images\Fractured\IMG0002362.jpg,1
C:\Users\ASUS\Desktop\dersler\Derinogrenme_proje5\FracAtlas\images\Non_fractured\IMG0001544.jpg,0
C:\Users\ASUS\Desktop\dersler\Derinogrenme_proje5\FracAtlas\images\Non_fractured\IMG0002928.jpg,0
C:\Users\ASUS\Desktop\dersler\Derinogrenme_proje5\FracAtlas\images\Fractured\IMG0002381.jpg,1
C:\Users\ASUS\Desktop\dersler\Derinogrenme_proje5\FracAtlas\images\Fractured\IMG0002547.jpg,1
C:\Users\ASUS\Desktop\dersler\Derinogrenme_proje5\FracAtlas\images\Non_fractured\IMG0000230.jpg,0
C:\Users\ASUS\Desktop\dersler\Derinogrenme_proje5\FracAtlas\images\Non_fractured\IMG0001699.jpg,0
C:\Users\ASUS\Desktop\dersler\Derinogrenme_proje5\FracAtlas\images\Non_fractured\IMG0001528.jpg,0
C:\Users\ASUS\Desktop\dersler\Derinogrenme_proje5\FracAtlas\images\Fractured\IMG0001495.jpg,1
C:\Users\ASUS\Desktop\dersler\Derinogrenme_proje5\FracAtlas\images\Non_fractured\IMG0003334.jpg,0
C:\Users\ASUS\Desktop\dersler\Derinogrenme_proje5\FracAtlas\images\Non_fractured\IMG0000982.jpg,0
C:\Users\ASUS\Desktop\dersler\Derinogrenme_proje5\FracAtlas\images\Non_fractured\IMG0003792.jpg,0
C:\Users\ASUS\Desktop\dersler\Derinogrenme_proje5\FracAtlas\images\Fractured\IMG0000472.jpg,1
C:\Users\ASUS\Desktop\dersler\Derinogrenme_proje5\FracAtlas\images\Non_fractured\IMG0000965.jpg,0
C:\Users\ASUS\Desktop\dersler\Derinogrenme_proje5\FracAtlas\images\Non_fractured\IMG0001248.jpg,0
C:\Users\ASUS\Desktop\dersler\Derinogrenme_proje5\FracAtlas\images\Non_fractured\IMG0001815.jpg,0
C:\Users\ASUS\Desktop\dersler\Derinogrenme_proje5\FracAtlas\images\Non_fractured\IMG0001279.jpg,0
C:\Users\ASUS\Desktop\dersler\Derinogrenme_proje5\FracAtlas\images\Non_fractured\IMG0003211.jpg,0
C:\Users\ASUS\Desktop\dersler\Derinogrenme_proje5\FracAtlas\images\Non_fractured\IMG0003057.jpg,0
C:\Users\ASUS\Desktop\dersler\Derinogrenme_proje5\FracAtlas\images\Non_fractured\IMG0003405.jpg,0
C:\Users\ASUS\Desktop\dersler\Derinogrenme_proje5\FracAtlas\images\Non_fractured\IMG0003137.jpg,0
C:\Users\ASUS\Desktop\dersler\Derinogrenme_proje5\FracAtlas\images\Non_fractured\IMG0003343.jpg,0
C:\Users\ASUS\Desktop\dersler\Derinogrenme_proje5\FracAtlas\images\Non_fractured\IMG0000032.jpg,0
C:\Users\ASUS\Desktop\dersler\Derinogrenme_proje5\FracAtlas\images\Non_fractured\IMG0001928.jpg,0
C:\Users\ASUS\Desktop\dersler\Derinogrenme_proje5\FracAtlas\images\Non_fractured\IMG0000828.jpg,0
C:\Users\ASUS\Desktop\dersler\Derinogrenme_proje5\FracAtlas\images\Non_fractured\IMG0002890.jpg,0
C:\Users\ASUS\Desktop\dersler\Derinogrenme_proje5\FracAtlas\images\Fractured\IMG0001200.jpg,1
C:\Users\ASUS\Desktop\dersler\Derinogrenme_proje5\FracAtlas\images\Non_fractured\IMG0000489.jpg,0
C:\Users\ASUS\Desktop\dersler\Derinogrenme_proje5\FracAtlas\images\Non_fractured\IMG0000227.jpg,0
C:\Users\ASUS\Desktop\dersler\Derinogrenme_proje5\FracAtlas\images\Non_fractured\IMG0001341.jpg,0
C:\Users\ASUS\Desktop\dersler\Derinogrenme_proje5\FracAtlas\images\Non_fractured\IMG0001587.jpg,0
C:\Users\ASUS\Desktop\dersler\Derinogrenme_proje5\FracAtlas\images\Non_fractured\IMG0001017.jpg,0
C:\Users\ASUS\Desktop\dersler\Derinogrenme_proje5\FracAtlas\images\Non_fractured\IMG0003696.jpg,0
C:\Users\ASUS\Desktop\dersler\Derinogrenme_proje5\FracAtlas\images\Non_fractured\IMG0000960.jpg,0
C:\Users\ASUS\Desktop\dersler\Derinogrenme_proje5\FracAtlas\images\Non_fractured\IMG0000017.jpg,0
C:\Users\ASUS\Desktop\dersler\Derinogrenme_proje5\FracAtlas\images\Non_fractured\IMG0000095.jpg,0
C:\Users\ASUS\Desktop\dersler\Derinogrenme_proje5\FracAtlas\images\Non_fractured\IMG0002854.jpg,0
C:\Users\ASUS\Desktop\dersler\Derinogrenme_proje5\FracAtlas\images\Fractured\IMG0002404.jpg,1
C:\Users\ASUS\Desktop\dersler\Derinogrenme_proje5\FracAtlas\images\Fractured\IMG0002396.jpg,1
C:\Users\ASUS\Desktop\dersler\Derinogrenme_proje5\FracAtlas\images\Non_fractured\IMG0003434.jpg,0
C:\Users\ASUS\Desktop\dersler\Derinogrenme_proje5\FracAtlas\images\Non_fractured\IMG0001901.jpg,0
C:\Users\ASUS\Desktop\dersler\Derinogrenme_proje5\FracAtlas\images\Non_fractured\IMG0000333.jpg,0
C:\Users\ASUS\Desktop\dersler\Derinogrenme_proje5\FracAtlas\images\Non_fractured\IMG0000305.jpg,0
C:\Users\ASUS\Desktop\dersler\Derinogrenme_proje5\FracAtlas\images\Non_fractured\IMG0000885.jpg,0
C:\Users\ASUS\Desktop\dersler\Derinogrenme_proje5\FracAtlas\images\Non_fractured\IMG0001799.jpg,0
C:\Users\ASUS\Desktop\dersler\Derinogrenme_proje5\FracAtlas\images\Fractured\IMG0003925.jpg,1
C:\Users\ASUS\Desktop\dersler\Derinogrenme_proje5\FracAtlas\images\Fractured\IMG0003395.jpg,1
C:\Users\ASUS\Desktop\dersler\Derinogrenme_proje5\FracAtlas\images\Non_fractured\IMG0001759.jpg,0
C:\Users\ASUS\Desktop\dersler\Derinogrenme_proje5\FracAtlas\images\Non_fractured\IMG0000927.jpg,0
C:\Users\ASUS\Desktop\dersler\Derinogrenme_proje5\FracAtlas\images\Non_fractured\IMG0003579.jpg,0
C:\Users\ASUS\Desktop\dersler\Derinogrenme_proje5\FracAtlas\images\Non_fractured\IMG0001672.jpg,0
C:\Users\ASUS\Desktop\dersler\Derinogrenme_proje5\FracAtlas\images\Non_fractured\IMG0003232.jpg,0
C:\Users\ASUS\Desktop\dersler\Derinogrenme_proje5\FracAtlas\images\Fractured\IMG0002528.jpg,1
C:\Users\ASUS\Desktop\dersler\Derinogrenme_proje5\FracAtlas\images\Non_fractured\IMG0001909.jpg,0
C:\Users\ASUS\Desktop\dersler\Derinogrenme_proje5\FracAtlas\images\Non_fractured\IMG0002932.jpg,0
C:\Users\ASUS\Desktop\dersler\Derinogrenme_proje5\FracAtlas\images\Non_fractured\IMG0002219.jpg,0
C:\Users\ASUS\Desktop\dersler\Derinogrenme_proje5\FracAtlas\images\Non_fractured\IMG0003778.jpg,0
C:\Users\ASUS\Desktop\dersler\Derinogrenme_proje5\FracAtlas\images\Non_fractured\IMG0003695.jpg,0
C:\Users\ASUS\Desktop\dersler\Derinogrenme_proje5\FracAtlas\images\Fractured\IMG0003520.jpg,1
C:\Users\ASUS\Desktop\dersler\Derinogrenme_proje5\FracAtlas\images\Non_fractured\IMG0003270.jpg,0
C:\Users\ASUS\Desktop\dersler\Derinogrenme_proje5\FracAtlas\images\Non_fractured\IMG0003984.jpg,0
C:\Users\ASUS\Desktop\dersler\Derinogrenme_proje5\FracAtlas\images\Non_fractured\IMG0002281.jpg,0
C:\Users\ASUS\Desktop\dersler\Derinogrenme_proje5\FracAtlas\images\Non_fractured\IMG0002818.jpg,0
C:\Users\ASUS\Desktop\dersler\Derinogrenme_proje5\FracAtlas\images\Non_fractured\IMG0002660.jpg,0
C:\Users\ASUS\Desktop\dersler\Derinogrenme_proje5\FracAtlas\images\Non_fractured\IMG0003649.jpg,0
C:\Users\ASUS\Desktop\dersler\Derinogrenme_proje5\FracAtlas\images\Non_fractured\IMG0003985.jpg,0
C:\Users\ASUS\Desktop\dersler\Derinogrenme_proje5\FracAtlas\images\Non_fractured\IMG0002055.jpg,0
C:\Users\ASUS\Desktop\dersler\Derinogrenme_proje5\FracAtlas\images\Non_fractured\IMG0002674.jpg,0
C:\Users\ASUS\Desktop\dersler\Derinogrenme_proje5\FracAtlas\images\Non_fractured\IMG0003687.jpg,0
C:\Users\ASUS\Desktop\dersler\Derinogrenme_proje5\FracAtlas\images\Non_fractured\IMG0000555.jpg,0
C:\Users\ASUS\Desktop\dersler\Derinogrenme_proje5\FracAtlas\images\Non_fractured\IMG0001584.jpg,0
C:\Users\ASUS\Desktop\dersler\Derinogrenme_proje5\FracAtlas\images\Non_fractured\IMG0000820.jpg,0
C:\Users\ASUS\Desktop\dersler\Derinogrenme_proje5\FracAtlas\images\Non_fractured\IMG0003646.jpg,0
C:\Users\ASUS\Desktop\dersler\Derinogrenme_proje5\FracAtlas\images\Non_fractured\IMG0000603.jpg,0
C:\Users\ASUS\Desktop\dersler\Derinogrenme_proje5\FracAtlas\images\Non_fractured\IMG0001676.jpg,0
C:\Users\ASUS\Desktop\dersler\Derinogrenme_proje5\FracAtlas\images\Fractured\IMG0002608.jpg,1
C:\Users\ASUS\Desktop\dersler\Derinogrenme_proje5\FracAtlas\images\Non_fractured\IMG0003025.jpg,0
C:\Users\ASUS\Desktop\dersler\Derinogrenme_proje5\FracAtlas\images\Non_fractured\IMG0003498.jpg,0
C:\Users\ASUS\Desktop\dersler\Derinogrenme_proje5\FracAtlas\images\Fractured\IMG0002317.jpg,1
C:\Users\ASUS\Desktop\dersler\Derinogrenme_proje5\FracAtlas\images\Non_fractured\IMG0003336.jpg,0
C:\Users\ASUS\Desktop\dersler\Derinogrenme_proje5\FracAtlas\images\Non_fractured\IMG0000744.jpg,0
C:\Users\ASUS\Desktop\dersler\Derinogrenme_proje5\FracAtlas\images\Non_fractured\IMG0000906.jpg,0
C:\Users\ASUS\Desktop\dersler\Derinogrenme_proje5\FracAtlas\images\Non_fractured\IMG0001193.jpg,0
C:\Users\ASUS\Desktop\dersler\Derinogrenme_proje5\FracAtlas\images\Fractured\IMG0004333.jpg,1
C:\Users\ASUS\Desktop\dersler\Derinogrenme_proje5\FracAtlas\images\Non_fractured\IMG0001860.jpg,0
C:\Users\ASUS\Desktop\dersler\Derinogrenme_proje5\FracAtlas\images\Non_fractured\IMG0001238.jpg,0
C:\Users\ASUS\Desktop\dersler\Derinogrenme_proje5\FracAtlas\images\Non_fractured\IMG0003756.jpg,0
C:\Users\ASUS\Desktop\dersler\Derinogrenme_proje5\FracAtlas\images\Non_fractured\IMG0001089.jpg,0
C:\Users\ASUS\Desktop\dersler\Derinogrenme_proje5\FracAtlas\images\Non_fractured\IMG0001272.jpg,0
C:\Users\ASUS\Desktop\dersler\Derinogrenme_proje5\FracAtlas\images\Non_fractured\IMG0001095.jpg,0
C:\Users\ASUS\Desktop\dersler\Derinogrenme_proje5\FracAtlas\images\Non_fractured\IMG0004241.jpg,0
C:\Users\ASUS\Desktop\dersler\Derinogrenme_proje5\FracAtlas\images\Non_fractured\IMG0001455.jpg,0
C:\Users\ASUS\Desktop\dersler\Derinogrenme_proje5\FracAtlas\images\Non_fractured\IMG0000823.jpg,0
C:\Users\ASUS\Desktop\dersler\Derinogrenme_proje5\FracAtlas\images\Non_fractured\IMG0002057.jpg,0
C:\Users\ASUS\Desktop\dersler\Derinogrenme_proje5\FracAtlas\images\Fractured\IMG0001041.jpg,1
C:\Users\ASUS\Desktop\dersler\Derinogrenme_proje5\FracAtlas\images\Non_fractured\IMG0000521.jpg,0
C:\Users\ASUS\Desktop\dersler\Derinogrenme_proje5\FracAtlas\images\Non_fractured\IMG0000661.jpg,0
C:\Users\ASUS\Desktop\dersler\Derinogrenme_proje5\FracAtlas\images\Non_fractured\IMG0001518.jpg,0
C:\Users\ASUS\Desktop\dersler\Derinogrenme_proje5\FracAtlas\images\Non_fractured\IMG0002953.jpg,0
C:\Users\ASUS\Desktop\dersler\Derinogrenme_proje5\FracAtlas\images\Non_fractured\IMG0001745.jpg,0
C:\Users\ASUS\Desktop\dersler\Derinogrenme_proje5\FracAtlas\images\Non_fractured\IMG0003787.jpg,0
C:\Users\ASUS\Desktop\dersler\Derinogrenme_proje5\FracAtlas\images\Non_fractured\IMG0004243.jpg,0
C:\Users\ASUS\Desktop\dersler\Derinogrenme_proje5\FracAtlas\images\Non_fractured\IMG0004389.jpg,0
C:\Users\ASUS\Desktop\dersler\Derinogrenme_proje5\FracAtlas\images\Non_fractured\IMG0001604.jpg,0
C:\Users\ASUS\Desktop\dersler\Derinogrenme_proje5\FracAtlas\images\Non_fractured\IMG0003959.jpg,0
C:\Users\ASUS\Desktop\dersler\Derinogrenme_proje5\FracAtlas\images\Non_fractured\IMG0003562.jpg,0
C:\Users\ASUS\Desktop\dersler\Derinogrenme_proje5\FracAtlas\images\Fractured\IMG0002413.jpg,1
C:\Users\ASUS\Desktop\dersler\Derinogrenme_proje5\FracAtlas\images\Non_fractured\IMG0001641.jpg,0
C:\Users\ASUS\Desktop\dersler\Derinogrenme_proje5\FracAtlas\images\Fractured\IMG0002543.jpg,1
C:\Users\ASUS\Desktop\dersler\Derinogrenme_proje5\FracAtlas\images\Non_fractured\IMG0001124.jpg,0
C:\Users\ASUS\Desktop\dersler\Derinogrenme_proje5\FracAtlas\images\Non_fractured\IMG0000812.jpg,0
C:\Users\ASUS\Desktop\dersler\Derinogrenme_proje5\FracAtlas\images\Non_fractured\IMG0002041.jpg,0
C:\Users\ASUS\Desktop\dersler\Derinogrenme_proje5\FracAtlas\images\Non_fractured\IMG0000075.jpg,0
C:\Users\ASUS\Desktop\dersler\Derinogrenme_proje5\FracAtlas\images\Non_fractured\IMG0004346.jpg,0
C:\Users\ASUS\Desktop\dersler\Derinogrenme_proje5\FracAtlas\images\Non_fractured\IMG0004291.jpg,0
C:\Users\ASUS\Desktop\dersler\Derinogrenme_proje5\FracAtlas\images\Non_fractured\IMG0003993.jpg,0
C:\Users\ASUS\Desktop\dersler\Derinogrenme_proje5\FracAtlas\images\Non_fractured\IMG0003216.jpg,0
C:\Users\ASUS\Desktop\dersler\Derinogrenme_proje5\FracAtlas\images\Fractured\IMG0003671.jpg,1
C:\Users\ASUS\Desktop\dersler\Derinogrenme_proje5\FracAtlas\images\Non_fractured\IMG0000519.jpg,0
C:\Users\ASUS\Desktop\dersler\Derinogrenme_proje5\FracAtlas\images\Fractured\IMG0003310.jpg,1
C:\Users\ASUS\Desktop\dersler\Derinogrenme_proje5\FracAtlas\images\Non_fractured\IMG0000318.jpg,0
C:\Users\ASUS\Desktop\dersler\Derinogrenme_proje5\FracAtlas\images\Non_fractured\IMG0002901.jpg,0
C:\Users\ASUS\Desktop\dersler\Derinogrenme_proje5\FracAtlas\images\Non_fractured\IMG0000133.jpg,0
C:\Users\ASUS\Desktop\dersler\Derinogrenme_proje5\FracAtlas\images\Non_fractured\IMG0001922.jpg,0
C:\Users\ASUS\Desktop\dersler\Derinogrenme_proje5\FracAtlas\images\Non_fractured\IMG0001118.jpg,0
C:\Users\ASUS\Desktop\dersler\Derinogrenme_proje5\FracAtlas\images\Non_fractured\IMG0000941.jpg,0
C:\Users\ASUS\Desktop\dersler\Derinogrenme_proje5\FracAtlas\images\Non_fractured\IMG0000632.jpg,0
C:\Users\ASUS\Desktop\dersler\Derinogrenme_proje5\FracAtlas\images\Fractured\IMG0002348.jpg,1
C:\Users\ASUS\Desktop\dersler\Derinogrenme_proje5\FracAtlas\images\Non_fractured\IMG0001235.jpg,0
C:\Users\ASUS\Desktop\dersler\Derinogrenme_proje5\FracAtlas\images\Non_fractured\IMG0001312.jpg,0
C:\Users\ASUS\Desktop\dersler\Derinogrenme_proje5\FracAtlas\images\Non_fractured\IMG0000782.jpg,0
C:\Users\ASUS\Desktop\dersler\Derinogrenme_proje5\FracAtlas\images\Non_fractured\IMG0001450.jpg,0
C:\Users\ASUS\Desktop\dersler\Derinogrenme_proje5\FracAtlas\images\Non_fractured\IMG0001628.jpg,0
C:\Users\ASUS\Desktop\dersler\Derinogrenme_proje5\FracAtlas\images\Non_fractured\IMG0003273.jpg,0
C:\Users\ASUS\Desktop\dersler\Derinogrenme_proje5\FracAtlas\images\Fractured\IMG0003820.jpg,1
C:\Users\ASUS\Desktop\dersler\Derinogrenme_proje5\FracAtlas\images\Fractured\IMG0002846.jpg,1
C:\Users\ASUS\Desktop\dersler\Derinogrenme_proje5\FracAtlas\images\Fractured\IMG0002412.jpg,1
C:\Users\ASUS\Desktop\dersler\Derinogrenme_proje5\FracAtlas\images\Fractured\IMG0000156.jpg,1
C:\Users\ASUS\Desktop\dersler\Derinogrenme_proje5\FracAtlas\images\Non_fractured\IMG0000043.jpg,0
C:\Users\ASUS\Desktop\dersler\Derinogrenme_proje5\FracAtlas\images\Non_fractured\IMG0003818.jpg,0
C:\Users\ASUS\Desktop\dersler\Derinogrenme_proje5\FracAtlas\images\Non_fractured\IMG0001727.jpg,0
C:\Users\ASUS\Desktop\dersler\Derinogrenme_proje5\FracAtlas\images\Non_fractured\IMG0003457.jpg,0
C:\Users\ASUS\Desktop\dersler\Derinogrenme_proje5\FracAtlas\images\Non_fractured\IMG0000499.jpg,0
C:\Users\ASUS\Desktop\dersler\Derinogrenme_proje5\FracAtlas\images\Non_fractured\IMG0003605.jpg,0
C:\Users\ASUS\Desktop\dersler\Derinogrenme_proje5\FracAtlas\images\Non_fractured\IMG0003918.jpg,0
C:\Users\ASUS\Desktop\dersler\Derinogrenme_proje5\FracAtlas\images\Fractured\IMG0003308.jpg,1
C:\Users\ASUS\Desktop\dersler\Derinogrenme_proje5\FracAtlas\images\Non_fractured\IMG0001968.jpg,0
C:\Users\ASUS\Desktop\dersler\Derinogrenme_proje5\FracAtlas\images\Non_fractured\IMG0000830.jpg,0
C:\Users\ASUS\Desktop\dersler\Derinogrenme_proje5\FracAtlas\images\Fractured\IMG0002320.jpg,1
C:\Users\ASUS\Desktop\dersler\Derinogrenme_proje5\FracAtlas\images\Non_fractured\IMG0000473.jpg,0
C:\Users\ASUS\Desktop\dersler\Derinogrenme_proje5\FracAtlas\images\Non_fractured\IMG0003814.jpg,0
C:\Users\ASUS\Desktop\dersler\Derinogrenme_proje5\FracAtlas\images\Fractured\IMG0000142.jpg,1
C:\Users\ASUS\Desktop\dersler\Derinogrenme_proje5\FracAtlas\images\Non_fractured\IMG0000861.jpg,0
C:\Users\ASUS\Desktop\dersler\Derinogrenme_proje5\FracAtlas\images\Non_fractured\IMG0000650.jpg,0
C:\Users\ASUS\Desktop\dersler\Derinogrenme_proje5\FracAtlas\images\Non_fractured\IMG0003178.jpg,0
C:\Users\ASUS\Desktop\dersler\Derinogrenme_proje5\FracAtlas\images\Non_fractured\IMG0001466.jpg,0
C:\Users\ASUS\Desktop\dersler\Derinogrenme_proje5\FracAtlas\images\Fractured\IMG0002409.jpg,1
C:\Users\ASUS\Desktop\dersler\Derinogrenme_proje5\FracAtlas\images\Fractured\IMG0002316.jpg,1
C:\Users\ASUS\Desktop\dersler\Derinogrenme_proje5\FracAtlas\images\Non_fractured\IMG0000394.jpg,0
C:\Users\ASUS\Desktop\dersler\Derinogrenme_proje5\FracAtlas\images\Non_fractured\IMG0003681.jpg,0
C:\Users\ASUS\Desktop\dersler\Derinogrenme_proje5\FracAtlas\images\Non_fractured\IMG0003018.jpg,0
C:\Users\ASUS\Desktop\dersler\Derinogrenme_proje5\FracAtlas\images\Non_fractured\IMG0001826.jpg,0
C:\Users\ASUS\Desktop\dersler\Derinogrenme_proje5\FracAtlas\images\Non_fractured\IMG0000038.jpg,0
C:\Users\ASUS\Desktop\dersler\Derinogrenme_proje5\FracAtlas\images\Fractured\IMG0002424.jpg,1
C:\Users\ASUS\Desktop\dersler\Derinogrenme_proje5\FracAtlas\images\Non_fractured\IMG0000648.jpg,0
C:\Users\ASUS\Desktop\dersler\Derinogrenme_proje5\FracAtlas\images\Non_fractured\IMG0000226.jpg,0
C:\Users\ASUS\Desktop\dersler\Derinogrenme_proje5\FracAtlas\images\Non_fractured\IMG0001474.jpg,0
C:\Users\ASUS\Desktop\dersler\Derinogrenme_proje5\FracAtlas\images\Non_fractured\IMG0004012.jpg,0
C:\Users\ASUS\Desktop\dersler\Derinogrenme_proje5\FracAtlas\images\Non_fractured\IMG0000177.jpg,0
C:\Users\ASUS\Desktop\dersler\Derinogrenme_proje5\FracAtlas\images\Non_fractured\IMG0003036.jpg,0
C:\Users\ASUS\Desktop\dersler\Derinogrenme_proje5\FracAtlas\images\Non_fractured\IMG0002118.jpg,0
C:\Users\ASUS\Desktop\dersler\Derinogrenme_proje5\FracAtlas\images\Non_fractured\IMG0002068.jpg,0
C:\Users\ASUS\Desktop\dersler\Derinogrenme_proje5\FracAtlas\images\Fractured\IMG0002323.jpg,1
C:\Users\ASUS\Desktop\dersler\Derinogrenme_proje5\FracAtlas\images\Non_fractured\IMG0003014.jpg,0
C:\Users\ASUS\Desktop\dersler\Derinogrenme_proje5\FracAtlas\images\Fractured\IMG0000822.jpg,1
C:\Users\ASUS\Desktop\dersler\Derinogrenme_proje5\FracAtlas\images\Non_fractured\IMG0001589.jpg,0
C:\Users\ASUS\Desktop\dersler\Derinogrenme_proje5\FracAtlas\images\Non_fractured\IMG0000608.jpg,0
C:\Users\ASUS\Desktop\dersler\Derinogrenme_proje5\FracAtlas\images\Non_fractured\IMG0001891.jpg,0
C:\Users\ASUS\Desktop\dersler\Derinogrenme_proje5\FracAtlas\images\Non_fractured\IMG0001590.jpg,0
C:\Users\ASUS\Desktop\dersler\Derinogrenme_proje5\FracAtlas\images\Fractured\IMG0001933.jpg,1
C:\Users\ASUS\Desktop\dersler\Derinogrenme_proje5\FracAtlas\images\Fractured\IMG0000443.jpg,1
C:\Users\ASUS\Desktop\dersler\Derinogrenme_proje5\FracAtlas\images\Fractured\IMG0002619.jpg,1
C:\Users\ASUS\Desktop\dersler\Derinogrenme_proje5\FracAtlas\images\Fractured\IMG0002574.jpg,1
C:\Users\ASUS\Desktop\dersler\Derinogrenme_proje5\FracAtlas\images\Non_fractured\IMG0003794.jpg,0
C:\Users\ASUS\Desktop\dersler\Derinogrenme_proje5\FracAtlas\images\Fractured\IMG0000804.jpg,1
C:\Users\ASUS\Desktop\dersler\Derinogrenme_proje5\FracAtlas\images\Non_fractured\IMG0001593.jpg,0
C:\Users\ASUS\Desktop\dersler\Derinogrenme_proje5\FracAtlas\images\Fractured\IMG0002622.jpg,1
C:\Users\ASUS\Desktop\dersler\Derinogrenme_proje5\FracAtlas\images\Non_fractured\IMG0000185.jpg,0
C:\Users\ASUS\Desktop\dersler\Derinogrenme_proje5\FracAtlas\images\Non_fractured\IMG0003532.jpg,0
C:\Users\ASUS\Desktop\dersler\Derinogrenme_proje5\FracAtlas\images\Non_fractured\IMG0002263.jpg,0
C:\Users\ASUS\Desktop\dersler\Derinogrenme_proje5\FracAtlas\images\Non_fractured\IMG0000242.jpg,0
C:\Users\ASUS\Desktop\dersler\Derinogrenme_proje5\FracAtlas\images\Non_fractured\IMG0000528.jpg,0
C:\Users\ASUS\Desktop\dersler\Derinogrenme_proje5\FracAtlas\images\Fractured\IMG0003620.jpg,1
C:\Users\ASUS\Desktop\dersler\Derinogrenme_proje5\FracAtlas\images\Non_fractured\IMG0001230.jpg,0
C:\Users\ASUS\Desktop\dersler\Derinogrenme_proje5\FracAtlas\images\Non_fractured\IMG0000929.jpg,0
C:\Users\ASUS\Desktop\dersler\Derinogrenme_proje5\FracAtlas\images\Non_fractured\IMG0002969.jpg,0
C:\Users\ASUS\Desktop\dersler\Derinogrenme_proje5\FracAtlas\images\Non_fractured\IMG0000923.jpg,0
C:\Users\ASUS\Desktop\dersler\Derinogrenme_proje5\FracAtlas\images\Non_fractured\IMG0000389.jpg,0
C:\Users\ASUS\Desktop\dersler\Derinogrenme_proje5\FracAtlas\images\Fractured\IMG0000758.jpg,1
C:\Users\ASUS\Desktop\dersler\Derinogrenme_proje5\FracAtlas\images\Non_fractured\IMG0000840.jpg,0
C:\Users\ASUS\Desktop\dersler\Derinogrenme_proje5\FracAtlas\images\Non_fractured\IMG0002137.jpg,0
C:\Users\ASUS\Desktop\dersler\Derinogrenme_proje5\FracAtlas\images\Fractured\IMG0002334.jpg,1
C:\Users\ASUS\Desktop\dersler\Derinogrenme_proje5\FracAtlas\images\Non_fractured\IMG0002753.jpg,0
C:\Users\ASUS\Desktop\dersler\Derinogrenme_proje5\FracAtlas\images\Non_fractured\IMG0001491.jpg,0
C:\Users\ASUS\Desktop\dersler\Derinogrenme_proje5\FracAtlas\images\Non_fractured\IMG0003578.jpg,0
C:\Users\ASUS\Desktop\dersler\Derinogrenme_proje5\FracAtlas\images\Non_fractured\IMG0000074.jpg,0
C:\Users\ASUS\Desktop\dersler\Derinogrenme_proje5\FracAtlas\images\Fractured\IMG0002500.jpg,1
C:\Users\ASUS\Desktop\dersler\Derinogrenme_proje5\FracAtlas\images\Fractured\IMG0001494.jpg,1
C:\Users\ASUS\Desktop\dersler\Derinogrenme_proje5\FracAtlas\images\Non_fractured\IMG0002295.jpg,0
C:\Users\ASUS\Desktop\dersler\Derinogrenme_proje5\FracAtlas\images\Non_fractured\IMG0002779.jpg,0
C:\Users\ASUS\Desktop\dersler\Derinogrenme_proje5\FracAtlas\images\Non_fractured\IMG0000180.jpg,0
C:\Users\ASUS\Desktop\dersler\Derinogrenme_proje5\FracAtlas\images\Non_fractured\IMG0003647.jpg,0
C:\Users\ASUS\Desktop\dersler\Derinogrenme_proje5\FracAtlas\images\Non_fractured\IMG0000886.jpg,0
C:\Users\ASUS\Desktop\dersler\Derinogrenme_proje5\FracAtlas\images\Non_fractured\IMG0001012.jpg,0
C:\Users\ASUS\Desktop\dersler\Derinogrenme_proje5\FracAtlas\images\Non_fractured\IMG0001899.jpg,0
C:\Users\ASUS\Desktop\dersler\Derinogrenme_proje5\FracAtlas\images\Non_fractured\IMG0001334.jpg,0
C:\Users\ASUS\Desktop\dersler\Derinogrenme_proje5\FracAtlas\images\Non_fractured\IMG0000658.jpg,0
C:\Users\ASUS\Desktop\dersler\Derinogrenme_proje5\FracAtlas\images\Non_fractured\IMG0003259.jpg,0
C:\Users\ASUS\Desktop\dersler\Derinogrenme_proje5\FracAtlas\images\Non_fractured\IMG0001447.jpg,0
C:\Users\ASUS\Desktop\dersler\Derinogrenme_proje5\FracAtlas\images\Non_fractured\IMG0003632.jpg,0
C:\Users\ASUS\Desktop\dersler\Derinogrenme_proje5\FracAtlas\images\Non_fractured\IMG0003451.jpg,0
C:\Users\ASUS\Desktop\dersler\Derinogrenme_proje5\FracAtlas\images\Non_fractured\IMG0000120.jpg,0
C:\Users\ASUS\Desktop\dersler\Derinogrenme_proje5\FracAtlas\images\Fractured\IMG0002520.jpg,1
C:\Users\ASUS\Desktop\dersler\Derinogrenme_proje5\FracAtlas\images\Non_fractured\IMG0002907.jpg,0
C:\Users\ASUS\Desktop\dersler\Derinogrenme_proje5\FracAtlas\images\Non_fractured\IMG0003005.jpg,0
C:\Users\ASUS\Desktop\dersler\Derinogrenme_proje5\FracAtlas\images\Non_fractured\IMG0003413.jpg,0
C:\Users\ASUS\Desktop\dersler\Derinogrenme_proje5\FracAtlas\images\Non_fractured\IMG0000335.jpg,0
C:\Users\ASUS\Desktop\dersler\Derinogrenme_proje5\FracAtlas\images\Non_fractured\IMG0000259.jpg,0
C:\Users\ASUS\Desktop\dersler\Derinogrenme_proje5\FracAtlas\images\Non_fractured\IMG0002903.jpg,0
C:\Users\ASUS\Desktop\dersler\Derinogrenme_proje5\FracAtlas\images\Fractured\IMG0003810.jpg,1
C:\Users\ASUS\Desktop\dersler\Derinogrenme_proje5\FracAtlas\images\Non_fractured\IMG0003448.jpg,0
C:\Users\ASUS\Desktop\dersler\Derinogrenme_proje5\FracAtlas\images\Non_fractured\IMG0001583.jpg,0
C:\Users\ASUS\Desktop\dersler\Derinogrenme_proje5\FracAtlas\images\Fractured\IMG0001381.jpg,1
C:\Users\ASUS\Desktop\dersler\Derinogrenme_proje5\FracAtlas\images\Fractured\IMG0000190.jpg,1
C:\Users\ASUS\Desktop\dersler\Derinogrenme_proje5\FracAtlas\images\Non_fractured\IMG0001217.jpg,0
C:\Users\ASUS\Desktop\dersler\Derinogrenme_proje5\FracAtlas\images\Non_fractured\IMG0002269.jpg,0
C:\Users\ASUS\Desktop\dersler\Derinogrenme_proje5\FracAtlas\images\Fractured\IMG0002810.jpg,1
C:\Users\ASUS\Desktop\dersler\Derinogrenme_proje5\FracAtlas\images\Non_fractured\IMG0001559.jpg,0
C:\Users\ASUS\Desktop\dersler\Derinogrenme_proje5\FracAtlas\images\Non_fractured\IMG0000636.jpg,0
C:\Users\ASUS\Desktop\dersler\Derinogrenme_proje5\FracAtlas\images\Non_fractured\IMG0000745.jpg,0
C:\Users\ASUS\Desktop\dersler\Derinogrenme_proje5\FracAtlas\images\Non_fractured\IMG0000942.jpg,0
C:\Users\ASUS\Desktop\dersler\Derinogrenme_proje5\FracAtlas\images\Fractured\IMG0002540.jpg,1
C:\Users\ASUS\Desktop\dersler\Derinogrenme_proje5\FracAtlas\images\Non_fractured\IMG0001414.jpg,0
C:\Users\ASUS\Desktop\dersler\Derinogrenme_proje5\FracAtlas\images\Non_fractured\IMG0004070.jpg,0
C:\Users\ASUS\Desktop\dersler\Derinogrenme_proje5\FracAtlas\images\Non_fractured\IMG0000322.jpg,0
C:\Users\ASUS\Desktop\dersler\Derinogrenme_proje5\FracAtlas\images\Non_fractured\IMG0003109.jpg,0
C:\Users\ASUS\Desktop\dersler\Derinogrenme_proje5\FracAtlas\images\Non_fractured\IMG0003751.jpg,0
C:\Users\ASUS\Desktop\dersler\Derinogrenme_proje5\FracAtlas\images\Non_fractured\IMG0003511.jpg,0
C:\Users\ASUS\Desktop\dersler\Derinogrenme_proje5\FracAtlas\images\Fractured\IMG0002581.jpg,1
C:\Users\ASUS\Desktop\dersler\Derinogrenme_proje5\FracAtlas\images\Non_fractured\IMG0003944.jpg,0
C:\Users\ASUS\Desktop\dersler\Derinogrenme_proje5\FracAtlas\images\Non_fractured\IMG0002119.jpg,0
C:\Users\ASUS\Desktop\dersler\Derinogrenme_proje5\FracAtlas\images\Non_fractured\IMG0000667.jpg,0
C:\Users\ASUS\Desktop\dersler\Derinogrenme_proje5\FracAtlas\images\Non_fractured\IMG0001823.jpg,0
C:\Users\ASUS\Desktop\dersler\Derinogrenme_proje5\FracAtlas\images\Non_fractured\IMG0000606.jpg,0
C:\Users\ASUS\Desktop\dersler\Derinogrenme_proje5\FracAtlas\images\Non_fractured\IMG0002195.jpg,0
C:\Users\ASUS\Desktop\dersler\Derinogrenme_proje5\FracAtlas\images\Non_fractured\IMG0002626.jpg,0
C:\Users\ASUS\Desktop\dersler\Derinogrenme_proje5\FracAtlas\images\Non_fractured\IMG0003698.jpg,0
C:\Users\ASUS\Desktop\dersler\Derinogrenme_proje5\FracAtlas\images\Non_fractured\IMG0003558.jpg,0
C:\Users\ASUS\Desktop\dersler\Derinogrenme_proje5\FracAtlas\images\Non_fractured\IMG0000061.jpg,0
C:\Users\ASUS\Desktop\dersler\Derinogrenme_proje5\FracAtlas\images\Non_fractured\IMG0002780.jpg,0
C:\Users\ASUS\Desktop\dersler\Derinogrenme_proje5\FracAtlas\images\Non_fractured\IMG0001767.jpg,0
C:\Users\ASUS\Desktop\dersler\Derinogrenme_proje5\FracAtlas\images\Non_fractured\IMG0000350.jpg,0
C:\Users\ASUS\Desktop\dersler\Derinogrenme_proje5\FracAtlas\images\Non_fractured\IMG0000536.jpg,0
C:\Users\ASUS\Desktop\dersler\Derinogrenme_proje5\FracAtlas\images\Fractured\IMG0003001.jpg,1
C:\Users\ASUS\Desktop\dersler\Derinogrenme_proje5\FracAtlas\images\Non_fractured\IMG0001348.jpg,0
C:\Users\ASUS\Desktop\dersler\Derinogrenme_proje5\FracAtlas\images\Non_fractured\IMG0000737.jpg,0
C:\Users\ASUS\Desktop\dersler\Derinogrenme_proje5\FracAtlas\images\Non_fractured\IMG0002072.jpg,0
C:\Users\ASUS\Desktop\dersler\Derinogrenme_proje5\FracAtlas\images\Non_fractured\IMG0001914.jpg,0
C:\Users\ASUS\Desktop\dersler\Derinogrenme_proje5\FracAtlas\images\Non_fractured\IMG0003366.jpg,0
C:\Users\ASUS\Desktop\dersler\Derinogrenme_proje5\FracAtlas\images\Fractured\IMG0004206.jpg,1
C:\Users\ASUS\Desktop\dersler\Derinogrenme_proje5\FracAtlas\images\Non_fractured\IMG0003243.jpg,0
C:\Users\ASUS\Desktop\dersler\Derinogrenme_proje5\FracAtlas\images\Non_fractured\IMG0001755.jpg,0
C:\Users\ASUS\Desktop\dersler\Derinogrenme_proje5\FracAtlas\images\Non_fractured\IMG0003335.jpg,0
C:\Users\ASUS\Desktop\dersler\Derinogrenme_proje5\FracAtlas\images\Non_fractured\IMG0003169.jpg,0
C:\Users\ASUS\Desktop\dersler\Derinogrenme_proje5\FracAtlas\images\Non_fractured\IMG0000128.jpg,0
C:\Users\ASUS\Desktop\dersler\Derinogrenme_proje5\FracAtlas\images\Fractured\IMG0003112.jpg,1
C:\Users\ASUS\Desktop\dersler\Derinogrenme_proje5\FracAtlas\images\Non_fractured\IMG0002918.jpg,0
C:\Users\ASUS\Desktop\dersler\Derinogrenme_proje5\FracAtlas\images\Non_fractured\IMG0002198.jpg,0
C:\Users\ASUS\Desktop\dersler\Derinogrenme_proje5\FracAtlas\images\Non_fractured\IMG0004270.jpg,0
C:\Users\ASUS\Desktop\dersler\Derinogrenme_proje5\FracAtlas\images\Non_fractured\IMG0000251.jpg,0
C:\Users\ASUS\Desktop\dersler\Derinogrenme_proje5\FracAtlas\images\Non_fractured\IMG0000329.jpg,0
C:\Users\ASUS\Desktop\dersler\Derinogrenme_proje5\FracAtlas\images\Non_fractured\IMG0001159.jpg,0
C:\Users\ASUS\Desktop\dersler\Derinogrenme_proje5\FracAtlas\images\Non_fractured\IMG0001274.jpg,0
C:\Users\ASUS\Desktop\dersler\Derinogrenme_proje5\FracAtlas\images\Non_fractured\IMG0000303.jpg,0
C:\Users\ASUS\Desktop\dersler\Derinogrenme_proje5\FracAtlas\images\Non_fractured\IMG0003972.jpg,0
C:\Users\ASUS\Desktop\dersler\Derinogrenme_proje5\FracAtlas\images\Fractured\IMG0004376.jpg,1
C:\Users\ASUS\Desktop\dersler\Derinogrenme_proje5\FracAtlas\images\Fractured\IMG0002615.jpg,1
C:\Users\ASUS\Desktop\dersler\Derinogrenme_proje5\FracAtlas\images\Non_fractured\IMG0003390.jpg,0
C:\Users\ASUS\Desktop\dersler\Derinogrenme_proje5\FracAtlas\images\Non_fractured\IMG0000173.jpg,0
C:\Users\ASUS\Desktop\dersler\Derinogrenme_proje5\FracAtlas\images\Non_fractured\IMG0002090.jpg,0
C:\Users\ASUS\Desktop\dersler\Derinogrenme_proje5\FracAtlas\images\Non_fractured\IMG0000854.jpg,0
C:\Users\ASUS\Desktop\dersler\Derinogrenme_proje5\FracAtlas\images\Non_fractured\IMG0001688.jpg,0
C:\Users\ASUS\Desktop\dersler\Derinogrenme_proje5\FracAtlas\images\Non_fractured\IMG0004244.jpg,0
C:\Users\ASUS\Desktop\dersler\Derinogrenme_proje5\FracAtlas\images\Non_fractured\IMG0000569.jpg,0
C:\Users\ASUS\Desktop\dersler\Derinogrenme_proje5\FracAtlas\images\Non_fractured\IMG0001335.jpg,0
C:\Users\ASUS\Desktop\dersler\Derinogrenme_proje5\FracAtlas\images\Non_fractured\IMG0000048.jpg,0
C:\Users\ASUS\Desktop\dersler\Derinogrenme_proje5\FracAtlas\images\Non_fractured\IMG0000662.jpg,0
C:\Users\ASUS\Desktop\dersler\Derinogrenme_proje5\FracAtlas\images\Non_fractured\IMG0001377.jpg,0
C:\Users\ASUS\Desktop\dersler\Derinogrenme_proje5\FracAtlas\images\Non_fractured\IMG0003368.jpg,0
C:\Users\ASUS\Desktop\dersler\Derinogrenme_proje5\FracAtlas\images\Non_fractured\IMG0001822.jpg,0
C:\Users\ASUS\Desktop\dersler\Derinogrenme_proje5\FracAtlas\images\Non_fractured\IMG0001317.jpg,0
C:\Users\ASUS\Desktop\dersler\Derinogrenme_proje5\FracAtlas\images\Non_fractured\IMG0001436.jpg,0
C:\Users\ASUS\Desktop\dersler\Derinogrenme_proje5\FracAtlas\images\Non_fractured\IMG0002084.jpg,0
C:\Users\ASUS\Desktop\dersler\Derinogrenme_proje5\FracAtlas\images\Non_fractured\IMG0003209.jpg,0
C:\Users\ASUS\Desktop\dersler\Derinogrenme_proje5\FracAtlas\images\Non_fractured\IMG0000803.jpg,0
C:\Users\ASUS\Desktop\dersler\Derinogrenme_proje5\FracAtlas\images\Non_fractured\IMG0001016.jpg,0
C:\Users\ASUS\Desktop\dersler\Derinogrenme_proje5\FracAtlas\images\Non_fractured\IMG0003982.jpg,0
C:\Users\ASUS\Desktop\dersler\Derinogrenme_proje5\FracAtlas\images\Fractured\IMG0003686.jpg,1
C:\Users\ASUS\Desktop\dersler\Derinogrenme_proje5\FracAtlas\images\Non_fractured\IMG0001541.jpg,0
C:\Users\ASUS\Desktop\dersler\Derinogrenme_proje5\FracAtlas\images\Fractured\IMG0002935.jpg,1
C:\Users\ASUS\Desktop\dersler\Derinogrenme_proje5\FracAtlas\images\Non_fractured\IMG0001885.jpg,0
C:\Users\ASUS\Desktop\dersler\Derinogrenme_proje5\FracAtlas\images\Non_fractured\IMG0001457.jpg,0
C:\Users\ASUS\Desktop\dersler\Derinogrenme_proje5\FracAtlas\images\Non_fractured\IMG0001790.jpg,0
C:\Users\ASUS\Desktop\dersler\Derinogrenme_proje5\FracAtlas\images\Fractured\IMG0004116.jpg,1
C:\Users\ASUS\Desktop\dersler\Derinogrenme_proje5\FracAtlas\images\Fractured\IMG0002342.jpg,1
C:\Users\ASUS\Desktop\dersler\Derinogrenme_proje5\FracAtlas\images\Non_fractured\IMG0003765.jpg,0
C:\Users\ASUS\Desktop\dersler\Derinogrenme_proje5\FracAtlas\images\Non_fractured\IMG0002110.jpg,0
C:\Users\ASUS\Desktop\dersler\Derinogrenme_proje5\FracAtlas\images\Fractured\IMG0002085.jpg,1
C:\Users\ASUS\Desktop\dersler\Derinogrenme_proje5\FracAtlas\images\Fractured\IMG0002453.jpg,1
C:\Users\ASUS\Desktop\dersler\Derinogrenme_proje5\FracAtlas\images\Non_fractured\IMG0001813.jpg,0
C:\Users\ASUS\Desktop\dersler\Derinogrenme_proje5\FracAtlas\images\Non_fractured\IMG0000192.jpg,0
C:\Users\ASUS\Desktop\dersler\Derinogrenme_proje5\FracAtlas\images\Non_fractured\IMG0002759.jpg,0
C:\Users\ASUS\Desktop\dersler\Derinogrenme_proje5\FracAtlas\images\Non_fractured\IMG0003846.jpg,0
C:\Users\ASUS\Desktop\dersler\Derinogrenme_proje5\FracAtlas\images\Non_fractured\IMG0003930.jpg,0
C:\Users\ASUS\Desktop\dersler\Derinogrenme_proje5\FracAtlas\images\Non_fractured\IMG0000959.jpg,0
C:\Users\ASUS\Desktop\dersler\Derinogrenme_proje5\FracAtlas\images\Non_fractured\IMG0001802.jpg,0
C:\Users\ASUS\Desktop\dersler\Derinogrenme_proje5\FracAtlas\images\Non_fractured\IMG0002659.jpg,0
C:\Users\ASUS\Desktop\dersler\Derinogrenme_proje5\FracAtlas\images\Fractured\IMG0002310.jpg,1
C:\Users\ASUS\Desktop\dersler\Derinogrenme_proje5\FracAtlas\images\Non_fractured\IMG0000116.jpg,0
C:\Users\ASUS\Desktop\dersler\Derinogrenme_proje5\FracAtlas\images\Non_fractured\IMG0001653.jpg,0
C:\Users\ASUS\Desktop\dersler\Derinogrenme_proje5\FracAtlas\images\Non_fractured\IMG0003640.jpg,0
C:\Users\ASUS\Desktop\dersler\Derinogrenme_proje5\FracAtlas\images\Fractured\IMG0002668.jpg,1
C:\Users\ASUS\Desktop\dersler\Derinogrenme_proje5\FracAtlas\images\Non_fractured\IMG0001594.jpg,0
C:\Users\ASUS\Desktop\dersler\Derinogrenme_proje5\FracAtlas\images\Non_fractured\IMG0003240.jpg,0
C:\Users\ASUS\Desktop\dersler\Derinogrenme_proje5\FracAtlas\images\Non_fractured\IMG0000781.jpg,0
C:\Users\ASUS\Desktop\dersler\Derinogrenme_proje5\FracAtlas\images\Fractured\IMG0001971.jpg,1
C:\Users\ASUS\Desktop\dersler\Derinogrenme_proje5\FracAtlas\images\Non_fractured\IMG0002673.jpg,0
C:\Users\ASUS\Desktop\dersler\Derinogrenme_proje5\FracAtlas\images\Non_fractured\IMG0000995.jpg,0
C:\Users\ASUS\Desktop\dersler\Derinogrenme_proje5\FracAtlas\images\Non_fractured\IMG0001616.jpg,0
C:\Users\ASUS\Desktop\dersler\Derinogrenme_proje5\FracAtlas\images\Fractured\IMG0003467.jpg,1
C:\Users\ASUS\Desktop\dersler\Derinogrenme_proje5\FracAtlas\images\Non_fractured\IMG0003657.jpg,0
C:\Users\ASUS\Desktop\dersler\Derinogrenme_proje5\FracAtlas\images\Non_fractured\IMG0002174.jpg,0
C:\Users\ASUS\Desktop\dersler\Derinogrenme_proje5\FracAtlas\images\Non_fractured\IMG0001796.jpg,0
C:\Users\ASUS\Desktop\dersler\Derinogrenme_proje5\FracAtlas\images\Non_fractured\IMG0003945.jpg,0
C:\Users\ASUS\Desktop\dersler\Derinogrenme_proje5\FracAtlas\images\Non_fractured\IMG0003597.jpg,0
C:\Users\ASUS\Desktop\dersler\Derinogrenme_proje5\FracAtlas\images\Fractured\IMG0002612.jpg,1
C:\Users\ASUS\Desktop\dersler\Derinogrenme_proje5\FracAtlas\images\Non_fractured\IMG0004383.jpg,0
C:\Users\ASUS\Desktop\dersler\Derinogrenme_proje5\FracAtlas\images\Fractured\IMG0002503.jpg,1
C:\Users\ASUS\Desktop\dersler\Derinogrenme_proje5\FracAtlas\images\Fractured\IMG0002531.jpg,1
C:\Users\ASUS\Desktop\dersler\Derinogrenme_proje5\FracAtlas\images\Non_fractured\IMG0000914.jpg,0
C:\Users\ASUS\Desktop\dersler\Derinogrenme_proje5\FracAtlas\images\Fractured\IMG0002345.jpg,1
C:\Users\ASUS\Desktop\dersler\Derinogrenme_proje5\FracAtlas\images\Fractured\IMG0001965.jpg,1
C:\Users\ASUS\Desktop\dersler\Derinogrenme_proje5\FracAtlas\images\Non_fractured\IMG0004100.jpg,0
C:\Users\ASUS\Desktop\dersler\Derinogrenme_proje5\FracAtlas\images\Non_fractured\IMG0000241.jpg,0
C:\Users\ASUS\Desktop\dersler\Derinogrenme_proje5\FracAtlas\images\Non_fractured\IMG0002226.jpg,0
C:\Users\ASUS\Desktop\dersler\Derinogrenme_proje5\FracAtlas\images\Non_fractured\IMG0003618.jpg,0
C:\Users\ASUS\Desktop\dersler\Derinogrenme_proje5\FracAtlas\images\Fractured\IMG0002434.jpg,1
C:\Users\ASUS\Desktop\dersler\Derinogrenme_proje5\FracAtlas\images\Fractured\IMG0002582.jpg,1
C:\Users\ASUS\Desktop\dersler\Derinogrenme_proje5\FracAtlas\images\Non_fractured\IMG0000272.jpg,0
C:\Users\ASUS\Desktop\dersler\Derinogrenme_proje5\FracAtlas\images\Non_fractured\IMG0001595.jpg,0
C:\Users\ASUS\Desktop\dersler\Derinogrenme_proje5\FracAtlas\images\Non_fractured\IMG0001500.jpg,0
C:\Users\ASUS\Desktop\dersler\Derinogrenme_proje5\FracAtlas\images\Non_fractured\IMG0000348.jpg,0
C:\Users\ASUS\Desktop\dersler\Derinogrenme_proje5\FracAtlas\images\Fractured\IMG0003564.jpg,1
C:\Users\ASUS\Desktop\dersler\Derinogrenme_proje5\FracAtlas\images\Non_fractured\IMG0003758.jpg,0
C:\Users\ASUS\Desktop\dersler\Derinogrenme_proje5\FracAtlas\images\Non_fractured\IMG0000755.jpg,0
C:\Users\ASUS\Desktop\dersler\Derinogrenme_proje5\FracAtlas\images\Non_fractured\IMG0001229.jpg,0
C:\Users\ASUS\Desktop\dersler\Derinogrenme_proje5\FracAtlas\images\Fractured\IMG0003035.jpg,1
C:\Users\ASUS\Desktop\dersler\Derinogrenme_proje5\FracAtlas\images\Non_fractured\IMG0000811.jpg,0
C:\Users\ASUS\Desktop\dersler\Derinogrenme_proje5\FracAtlas\images\Non_fractured\IMG0000409.jpg,0
C:\Users\ASUS\Desktop\dersler\Derinogrenme_proje5\FracAtlas\images\Non_fractured\IMG0001955.jpg,0
C:\Users\ASUS\Desktop\dersler\Derinogrenme_proje5\FracAtlas\images\Non_fractured\IMG0003567.jpg,0
C:\Users\ASUS\Desktop\dersler\Derinogrenme_proje5\FracAtlas\images\Fractured\IMG0002364.jpg,1
C:\Users\ASUS\Desktop\dersler\Derinogrenme_proje5\FracAtlas\images\Fractured\IMG0003847.jpg,1
C:\Users\ASUS\Desktop\dersler\Derinogrenme_proje5\FracAtlas\images\Non_fractured\IMG0001103.jpg,0
C:\Users\ASUS\Desktop\dersler\Derinogrenme_proje5\FracAtlas\images\Non_fractured\IMG0001741.jpg,0
C:\Users\ASUS\Desktop\dersler\Derinogrenme_proje5\FracAtlas\images\Fractured\IMG0002613.jpg,1
C:\Users\ASUS\Desktop\dersler\Derinogrenme_proje5\FracAtlas\images\Fractured\IMG0002394.jpg,1
C:\Users\ASUS\Desktop\dersler\Derinogrenme_proje5\FracAtlas\images\Non_fractured\IMG0003609.jpg,0
C:\Users\ASUS\Desktop\dersler\Derinogrenme_proje5\FracAtlas\images\Non_fractured\IMG0003987.jpg,0
C:\Users\ASUS\Desktop\dersler\Derinogrenme_proje5\FracAtlas\images\Non_fractured\IMG0000513.jpg,0
C:\Users\ASUS\Desktop\dersler\Derinogrenme_proje5\FracAtlas\images\Non_fractured\IMG0001418.jpg,0
C:\Users\ASUS\Desktop\dersler\Derinogrenme_proje5\FracAtlas\images\Non_fractured\IMG0003425.jpg,0
C:\Users\ASUS\Desktop\dersler\Derinogrenme_proje5\FracAtlas\images\Fractured\IMG0003293.jpg,1
C:\Users\ASUS\Desktop\dersler\Derinogrenme_proje5\FracAtlas\images\Non_fractured\IMG0000425.jpg,0
C:\Users\ASUS\Desktop\dersler\Derinogrenme_proje5\FracAtlas\images\Non_fractured\IMG0001896.jpg,0
C:\Users\ASUS\Desktop\dersler\Derinogrenme_proje5\FracAtlas\images\Non_fractured\IMG0002081.jpg,0
C:\Users\ASUS\Desktop\dersler\Derinogrenme_proje5\FracAtlas\images\Non_fractured\IMG0001582.jpg,0
C:\Users\ASUS\Desktop\dersler\Derinogrenme_proje5\FracAtlas\images\Non_fractured\IMG0001285.jpg,0
C:\Users\ASUS\Desktop\dersler\Derinogrenme_proje5\FracAtlas\images\Non_fractured\IMG0004097.jpg,0
C:\Users\ASUS\Desktop\dersler\Derinogrenme_proje5\FracAtlas\images\Non_fractured\IMG0001308.jpg,0
C:\Users\ASUS\Desktop\dersler\Derinogrenme_proje5\FracAtlas\images\Fractured\IMG0003523.jpg,1
C:\Users\ASUS\Desktop\dersler\Derinogrenme_proje5\FracAtlas\images\Non_fractured\IMG0000637.jpg,0
C:\Users\ASUS\Desktop\dersler\Derinogrenme_proje5\FracAtlas\images\Non_fractured\IMG0002940.jpg,0
C:\Users\ASUS\Desktop\dersler\Derinogrenme_proje5\FracAtlas\images\Non_fractured\IMG0001164.jpg,0
C:\Users\ASUS\Desktop\dersler\Derinogrenme_proje5\FracAtlas\images\Fractured\IMG0002440.jpg,1
C:\Users\ASUS\Desktop\dersler\Derinogrenme_proje5\FracAtlas\images\Non_fractured\IMG0003006.jpg,0
C:\Users\ASUS\Desktop\dersler\Derinogrenme_proje5\FracAtlas\images\Non_fractured\IMG0003488.jpg,0
C:\Users\ASUS\Desktop\dersler\Derinogrenme_proje5\FracAtlas\images\Non_fractured\IMG0000559.jpg,0
C:\Users\ASUS\Desktop\dersler\Derinogrenme_proje5\FracAtlas\images\Non_fractured\IMG0002217.jpg,0
C:\Users\ASUS\Desktop\dersler\Derinogrenme_proje5\FracAtlas\images\Fractured\IMG0002849.jpg,1
C:\Users\ASUS\Desktop\dersler\Derinogrenme_proje5\FracAtlas\images\Non_fractured\IMG0002121.jpg,0
C:\Users\ASUS\Desktop\dersler\Derinogrenme_proje5\FracAtlas\images\Non_fractured\IMG0001498.jpg,0
C:\Users\ASUS\Desktop\dersler\Derinogrenme_proje5\FracAtlas\images\Non_fractured\IMG0000298.jpg,0
C:\Users\ASUS\Desktop\dersler\Derinogrenme_proje5\FracAtlas\images\Fractured\IMG0004045.jpg,1
C:\Users\ASUS\Desktop\dersler\Derinogrenme_proje5\FracAtlas\images\Non_fractured\IMG0002015.jpg,0
C:\Users\ASUS\Desktop\dersler\Derinogrenme_proje5\FracAtlas\images\Non_fractured\IMG0000522.jpg,0
C:\Users\ASUS\Desktop\dersler\Derinogrenme_proje5\FracAtlas\images\Non_fractured\IMG0003724.jpg,0
C:\Users\ASUS\Desktop\dersler\Derinogrenme_proje5\FracAtlas\images\Non_fractured\IMG0000866.jpg,0
C:\Users\ASUS\Desktop\dersler\Derinogrenme_proje5\FracAtlas\images\Fractured\IMG0002522.jpg,1
C:\Users\ASUS\Desktop\dersler\Derinogrenme_proje5\FracAtlas\images\Non_fractured\IMG0001179.jpg,0
C:\Users\ASUS\Desktop\dersler\Derinogrenme_proje5\FracAtlas\images\Fractured\IMG0002370.jpg,1
C:\Users\ASUS\Desktop\dersler\Derinogrenme_proje5\FracAtlas\images\Non_fractured\IMG0001787.jpg,0
C:\Users\ASUS\Desktop\dersler\Derinogrenme_proje5\FracAtlas\images\Non_fractured\IMG0000445.jpg,0
C:\Users\ASUS\Desktop\dersler\Derinogrenme_proje5\FracAtlas\images\Non_fractured\IMG0002845.jpg,0
C:\Users\ASUS\Desktop\dersler\Derinogrenme_proje5\FracAtlas\images\Non_fractured\IMG0000157.jpg,0
C:\Users\ASUS\Desktop\dersler\Derinogrenme_proje5\FracAtlas\images\Non_fractured\IMG0001390.jpg,0
C:\Users\ASUS\Desktop\dersler\Derinogrenme_proje5\FracAtlas\images\Non_fractured\IMG0003651.jpg,0
C:\Users\ASUS\Desktop\dersler\Derinogrenme_proje5\FracAtlas\images\Non_fractured\IMG0001493.jpg,0
C:\Users\ASUS\Desktop\dersler\Derinogrenme_proje5\FracAtlas\images\Non_fractured\IMG0000381.jpg,0
C:\Users\ASUS\Desktop\dersler\Derinogrenme_proje5\FracAtlas\images\Non_fractured\IMG0000998.jpg,0
C:\Users\ASUS\Desktop\dersler\Derinogrenme_proje5\FracAtlas\images\Non_fractured\IMG0000023.jpg,0
C:\Users\ASUS\Desktop\dersler\Derinogrenme_proje5\FracAtlas\images\Non_fractured\IMG0001947.jpg,0
C:\Users\ASUS\Desktop\dersler\Derinogrenme_proje5\FracAtlas\images\Non_fractured\IMG0001624.jpg,0
C:\Users\ASUS\Desktop\dersler\Derinogrenme_proje5\FracAtlas\images\Non_fractured\IMG0002887.jpg,0
C:\Users\ASUS\Desktop\dersler\Derinogrenme_proje5\FracAtlas\images\Non_fractured\IMG0001040.jpg,0
C:\Users\ASUS\Desktop\dersler\Derinogrenme_proje5\FracAtlas\images\Non_fractured\IMG0001769.jpg,0
C:\Users\ASUS\Desktop\dersler\Derinogrenme_proje5\FracAtlas\images\Non_fractured\IMG0004280.jpg,0
C:\Users\ASUS\Desktop\dersler\Derinogrenme_proje5\FracAtlas\images\Non_fractured\IMG0000312.jpg,0
C:\Users\ASUS\Desktop\dersler\Derinogrenme_proje5\FracAtlas\images\Non_fractured\IMG0001794.jpg,0
C:\Users\ASUS\Desktop\dersler\Derinogrenme_proje5\FracAtlas\images\Non_fractured\IMG0003228.jpg,0
C:\Users\ASUS\Desktop\dersler\Derinogrenme_proje5\FracAtlas\images\Fractured\IMG0000319.jpg,1
C:\Users\ASUS\Desktop\dersler\Derinogrenme_proje5\FracAtlas\images\Non_fractured\IMG0002214.jpg,0
C:\Users\ASUS\Desktop\dersler\Derinogrenme_proje5\FracAtlas\images\Non_fractured\IMG0000634.jpg,0
C:\Users\ASUS\Desktop\dersler\Derinogrenme_proje5\FracAtlas\images\Non_fractured\IMG0003475.jpg,0
C:\Users\ASUS\Desktop\dersler\Derinogrenme_proje5\FracAtlas\images\Non_fractured\IMG0001599.jpg,0
C:\Users\ASUS\Desktop\dersler\Derinogrenme_proje5\FracAtlas\images\Non_fractured\IMG0001105.jpg,0
C:\Users\ASUS\Desktop\dersler\Derinogrenme_proje5\FracAtlas\images\Non_fractured\IMG0002245.jpg,0
C:\Users\ASUS\Desktop\dersler\Derinogrenme_proje5\FracAtlas\images\Non_fractured\IMG0003155.jpg,0
C:\Users\ASUS\Desktop\dersler\Derinogrenme_proje5\FracAtlas\images\Non_fractured\IMG0001286.jpg,0
C:\Users\ASUS\Desktop\dersler\Derinogrenme_proje5\FracAtlas\images\Non_fractured\IMG0000191.jpg,0
C:\Users\ASUS\Desktop\dersler\Derinogrenme_proje5\FracAtlas\images\Non_fractured\IMG0000267.jpg,0
C:\Users\ASUS\Desktop\dersler\Derinogrenme_proje5\FracAtlas\images\Non_fractured\IMG0001959.jpg,0
C:\Users\ASUS\Desktop\dersler\Derinogrenme_proje5\FracAtlas\images\Non_fractured\IMG0001839.jpg,0
C:\Users\ASUS\Desktop\dersler\Derinogrenme_proje5\FracAtlas\images\Fractured\IMG0000092.jpg,1
C:\Users\ASUS\Desktop\dersler\Derinogrenme_proje5\FracAtlas\images\Non_fractured\IMG0002038.jpg,0
C:\Users\ASUS\Desktop\dersler\Derinogrenme_proje5\FracAtlas\images\Non_fractured\IMG0003554.jpg,0
C:\Users\ASUS\Desktop\dersler\Derinogrenme_proje5\FracAtlas\images\Non_fractured\IMG0003615.jpg,0
C:\Users\ASUS\Desktop\dersler\Derinogrenme_proje5\FracAtlas\images\Non_fractured\IMG0002649.jpg,0
C:\Users\ASUS\Desktop\dersler\Derinogrenme_proje5\FracAtlas\images\Non_fractured\IMG0003222.jpg,0
C:\Users\ASUS\Desktop\dersler\Derinogrenme_proje5\FracAtlas\images\Fractured\IMG0001710.jpg,1
C:\Users\ASUS\Desktop\dersler\Derinogrenme_proje5\FracAtlas\images\Non_fractured\IMG0003022.jpg,0
C:\Users\ASUS\Desktop\dersler\Derinogrenme_proje5\FracAtlas\images\Non_fractured\IMG0002133.jpg,0
C:\Users\ASUS\Desktop\dersler\Derinogrenme_proje5\FracAtlas\images\Non_fractured\IMG0003517.jpg,0
C:\Users\ASUS\Desktop\dersler\Derinogrenme_proje5\FracAtlas\images\Non_fractured\IMG0003389.jpg,0
C:\Users\ASUS\Desktop\dersler\Derinogrenme_proje5\FracAtlas\images\Non_fractured\IMG0002888.jpg,0
C:\Users\ASUS\Desktop\dersler\Derinogrenme_proje5\FracAtlas\images\Non_fractured\IMG0003278.jpg,0
C:\Users\ASUS\Desktop\dersler\Derinogrenme_proje5\FracAtlas\images\Fractured\IMG0004010.jpg,1
C:\Users\ASUS\Desktop\dersler\Derinogrenme_proje5\FracAtlas\images\Non_fractured\IMG0002950.jpg,0
C:\Users\ASUS\Desktop\dersler\Derinogrenme_proje5\FracAtlas\images\Non_fractured\IMG0001827.jpg,0
C:\Users\ASUS\Desktop\dersler\Derinogrenme_proje5\FracAtlas\images\Non_fractured\IMG0003708.jpg,0
C:\Users\ASUS\Desktop\dersler\Derinogrenme_proje5\FracAtlas\images\Non_fractured\IMG0000449.jpg,0
C:\Users\ASUS\Desktop\dersler\Derinogrenme_proje5\FracAtlas\images\Non_fractured\IMG0002257.jpg,0
C:\Users\ASUS\Desktop\dersler\Derinogrenme_proje5\FracAtlas\images\Non_fractured\IMG0000551.jpg,0
C:\Users\ASUS\Desktop\dersler\Derinogrenme_proje5\FracAtlas\images\Non_fractured\IMG0001937.jpg,0
C:\Users\ASUS\Desktop\dersler\Derinogrenme_proje5\FracAtlas\images\Fractured\IMG0002571.jpg,1
C:\Users\ASUS\Desktop\dersler\Derinogrenme_proje5\FracAtlas\images\Non_fractured\IMG0001420.jpg,0
C:\Users\ASUS\Desktop\dersler\Derinogrenme_proje5\FracAtlas\images\Non_fractured\IMG0001214.jpg,0
C:\Users\ASUS\Desktop\dersler\Derinogrenme_proje5\FracAtlas\images\Non_fractured\IMG0003720.jpg,0
C:\Users\ASUS\Desktop\dersler\Derinogrenme_proje5\FracAtlas\images\Non_fractured\IMG0000110.jpg,0
C:\Users\ASUS\Desktop\dersler\Derinogrenme_proje5\FracAtlas\images\Non_fractured\IMG0003245.jpg,0
C:\Users\ASUS\Desktop\dersler\Derinogrenme_proje5\FracAtlas\images\Non_fractured\IMG0003319.jpg,0
C:\Users\ASUS\Desktop\dersler\Derinogrenme_proje5\FracAtlas\images\Non_fractured\IMG0000481.jpg,0
C:\Users\ASUS\Desktop\dersler\Derinogrenme_proje5\FracAtlas\images\Non_fractured\IMG0002063.jpg,0
C:\Users\ASUS\Desktop\dersler\Derinogrenme_proje5\FracAtlas\images\Non_fractured\IMG0001226.jpg,0
C:\Users\ASUS\Desktop\dersler\Derinogrenme_proje5\FracAtlas\images\Non_fractured\IMG0002755.jpg,0
C:\Users\ASUS\Desktop\dersler\Derinogrenme_proje5\FracAtlas\images\Non_fractured\IMG0001432.jpg,0
C:\Users\ASUS\Desktop\dersler\Derinogrenme_proje5\FracAtlas\images\Fractured\IMG0002566.jpg,1
C:\Users\ASUS\Desktop\dersler\Derinogrenme_proje5\FracAtlas\images\Non_fractured\IMG0000930.jpg,0
C:\Users\ASUS\Desktop\dersler\Derinogrenme_proje5\FracAtlas\images\Fractured\IMG0000058.jpg,1
C:\Users\ASUS\Desktop\dersler\Derinogrenme_proje5\FracAtlas\images\Fractured\IMG0002481.jpg,1
C:\Users\ASUS\Desktop\dersler\Derinogrenme_proje5\FracAtlas\images\Fractured\IMG0002482.jpg,1
C:\Users\ASUS\Desktop\dersler\Derinogrenme_proje5\FracAtlas\images\Non_fractured\IMG0003922.jpg,0
C:\Users\ASUS\Desktop\dersler\Derinogrenme_proje5\FracAtlas\images\Non_fractured\IMG0002936.jpg,0
C:\Users\ASUS\Desktop\dersler\Derinogrenme_proje5\FracAtlas\images\Non_fractured\IMG0001149.jpg,0
C:\Users\ASUS\Desktop\dersler\Derinogrenme_proje5\FracAtlas\images\Non_fractured\IMG0002209.jpg,0
C:\Users\ASUS\Desktop\dersler\Derinogrenme_proje5\FracAtlas\images\Non_fractured\IMG0002836.jpg,0
C:\Users\ASUS\Desktop\dersler\Derinogrenme_proje5\FracAtlas\images\Non_fractured\IMG0003835.jpg,0
C:\Users\ASUS\Desktop\dersler\Derinogrenme_proje5\FracAtlas\images\Non_fractured\IMG0001893.jpg,0
C:\Users\ASUS\Desktop\dersler\Derinogrenme_proje5\FracAtlas\images\Non_fractured\IMG0002207.jpg,0
C:\Users\ASUS\Desktop\dersler\Derinogrenme_proje5\FracAtlas\images\Fractured\IMG0002502.jpg,1
C:\Users\ASUS\Desktop\dersler\Derinogrenme_proje5\FracAtlas\images\Non_fractured\IMG0001486.jpg,0
C:\Users\ASUS\Desktop\dersler\Derinogrenme_proje5\FracAtlas\images\Non_fractured\IMG0002694.jpg,0
C:\Users\ASUS\Desktop\dersler\Derinogrenme_proje5\FracAtlas\images\Non_fractured\IMG0002268.jpg,0
C:\Users\ASUS\Desktop\dersler\Derinogrenme_proje5\FracAtlas\images\Non_fractured\IMG0001685.jpg,0
C:\Users\ASUS\Desktop\dersler\Derinogrenme_proje5\FracAtlas\images\Non_fractured\IMG0000622.jpg,0
C:\Users\ASUS\Desktop\dersler\Derinogrenme_proje5\FracAtlas\images\Non_fractured\IMG0000378.jpg,0
C:\Users\ASUS\Desktop\dersler\Derinogrenme_proje5\FracAtlas\images\Fractured\IMG0002601.jpg,1
C:\Users\ASUS\Desktop\dersler\Derinogrenme_proje5\FracAtlas\images\Non_fractured\IMG0001841.jpg,0
C:\Users\ASUS\Desktop\dersler\Derinogrenme_proje5\FracAtlas\images\Non_fractured\IMG0000131.jpg,0
C:\Users\ASUS\Desktop\dersler\Derinogrenme_proje5\FracAtlas\images\Non_fractured\IMG0001610.jpg,0
C:\Users\ASUS\Desktop\dersler\Derinogrenme_proje5\FracAtlas\images\Non_fractured\IMG0002146.jpg,0
C:\Users\ASUS\Desktop\dersler\Derinogrenme_proje5\FracAtlas\images\Non_fractured\IMG0001829.jpg,0
C:\Users\ASUS\Desktop\dersler\Derinogrenme_proje5\FracAtlas\images\Non_fractured\IMG0001068.jpg,0
C:\Users\ASUS\Desktop\dersler\Derinogrenme_proje5\FracAtlas\images\Non_fractured\IMG0003032.jpg,0
C:\Users\ASUS\Desktop\dersler\Derinogrenme_proje5\FracAtlas\images\Non_fractured\IMG0001499.jpg,0
C:\Users\ASUS\Desktop\dersler\Derinogrenme_proje5\FracAtlas\images\Non_fractured\IMG0003098.jpg,0
C:\Users\ASUS\Desktop\dersler\Derinogrenme_proje5\FracAtlas\images\Non_fractured\IMG0001993.jpg,0
C:\Users\ASUS\Desktop\dersler\Derinogrenme_proje5\FracAtlas\images\Non_fractured\IMG0001707.jpg,0
C:\Users\ASUS\Desktop\dersler\Derinogrenme_proje5\FracAtlas\images\Non_fractured\IMG0002859.jpg,0
C:\Users\ASUS\Desktop\dersler\Derinogrenme_proje5\FracAtlas\images\Non_fractured\IMG0000134.jpg,0
C:\Users\ASUS\Desktop\dersler\Derinogrenme_proje5\FracAtlas\images\Non_fractured\IMG0000355.jpg,0
C:\Users\ASUS\Desktop\dersler\Derinogrenme_proje5\FracAtlas\images\Non_fractured\IMG0003068.jpg,0
C:\Users\ASUS\Desktop\dersler\Derinogrenme_proje5\FracAtlas\images\Non_fractured\IMG0001744.jpg,0
C:\Users\ASUS\Desktop\dersler\Derinogrenme_proje5\FracAtlas\images\Non_fractured\IMG0002803.jpg,0
C:\Users\ASUS\Desktop\dersler\Derinogrenme_proje5\FracAtlas\images\Non_fractured\IMG0002163.jpg,0
C:\Users\ASUS\Desktop\dersler\Derinogrenme_proje5\FracAtlas\images\Non_fractured\IMG0000196.jpg,0
C:\Users\ASUS\Desktop\dersler\Derinogrenme_proje5\FracAtlas\images\Non_fractured\IMG0003072.jpg,0
C:\Users\ASUS\Desktop\dersler\Derinogrenme_proje5\FracAtlas\images\Non_fractured\IMG0001260.jpg,0
C:\Users\ASUS\Desktop\dersler\Derinogrenme_proje5\FracAtlas\images\Non_fractured\IMG0004264.jpg,0
C:\Users\ASUS\Desktop\dersler\Derinogrenme_proje5\FracAtlas\images\Fractured\IMG0004114.jpg,1
C:\Users\ASUS\Desktop\dersler\Derinogrenme_proje5\FracAtlas\images\Non_fractured\IMG0000288.jpg,0
C:\Users\ASUS\Desktop\dersler\Derinogrenme_proje5\FracAtlas\images\Non_fractured\IMG0001627.jpg,0
C:\Users\ASUS\Desktop\dersler\Derinogrenme_proje5\FracAtlas\images\Non_fractured\IMG0000951.jpg,0
C:\Users\ASUS\Desktop\dersler\Derinogrenme_proje5\FracAtlas\images\Non_fractured\IMG0004174.jpg,0
C:\Users\ASUS\Desktop\dersler\Derinogrenme_proje5\FracAtlas\images\Non_fractured\IMG0002159.jpg,0
C:\Users\ASUS\Desktop\dersler\Derinogrenme_proje5\FracAtlas\images\Non_fractured\IMG0000581.jpg,0
C:\Users\ASUS\Desktop\dersler\Derinogrenme_proje5\FracAtlas\images\Non_fractured\IMG0000544.jpg,0
C:\Users\ASUS\Desktop\dersler\Derinogrenme_proje5\FracAtlas\images\Non_fractured\IMG0003407.jpg,0
C:\Users\ASUS\Desktop\dersler\Derinogrenme_proje5\FracAtlas\images\Fractured\IMG0001868.jpg,1
C:\Users\ASUS\Desktop\dersler\Derinogrenme_proje5\FracAtlas\images\Non_fractured\IMG0000407.jpg,0
C:\Users\ASUS\Desktop\dersler\Derinogrenme_proje5\FracAtlas\images\Non_fractured\IMG0002691.jpg,0
C:\Users\ASUS\Desktop\dersler\Derinogrenme_proje5\FracAtlas\images\Non_fractured\IMG0001714.jpg,0
C:\Users\ASUS\Desktop\dersler\Derinogrenme_proje5\FracAtlas\images\Non_fractured\IMG0002087.jpg,0
C:\Users\ASUS\Desktop\dersler\Derinogrenme_proje5\FracAtlas\images\Non_fractured\IMG0001021.jpg,0
C:\Users\ASUS\Desktop\dersler\Derinogrenme_proje5\FracAtlas\images\Non_fractured\IMG0002744.jpg,0
C:\Users\ASUS\Desktop\dersler\Derinogrenme_proje5\FracAtlas\images\Non_fractured\IMG0000240.jpg,0
C:\Users\ASUS\Desktop\dersler\Derinogrenme_proje5\FracAtlas\images\Fractured\IMG0002561.jpg,1
C:\Users\ASUS\Desktop\dersler\Derinogrenme_proje5\FracAtlas\images\Non_fractured\IMG0001585.jpg,0
C:\Users\ASUS\Desktop\dersler\Derinogrenme_proje5\FracAtlas\images\Non_fractured\IMG0000742.jpg,0
C:\Users\ASUS\Desktop\dersler\Derinogrenme_proje5\FracAtlas\images\Non_fractured\IMG0000976.jpg,0
C:\Users\ASUS\Desktop\dersler\Derinogrenme_proje5\FracAtlas\images\Non_fractured\IMG0000952.jpg,0
C:\Users\ASUS\Desktop\dersler\Derinogrenme_proje5\FracAtlas\images\Fractured\IMG0002886.jpg,1
C:\Users\ASUS\Desktop\dersler\Derinogrenme_proje5\FracAtlas\images\Non_fractured\IMG0000579.jpg,0
C:\Users\ASUS\Desktop\dersler\Derinogrenme_proje5\FracAtlas\images\Fractured\IMG0002556.jpg,1
C:\Users\ASUS\Desktop\dersler\Derinogrenme_proje5\FracAtlas\images\Non_fractured\IMG0000040.jpg,0
C:\Users\ASUS\Desktop\dersler\Derinogrenme_proje5\FracAtlas\images\Non_fractured\IMG0001848.jpg,0
C:\Users\ASUS\Desktop\dersler\Derinogrenme_proje5\FracAtlas\images\Fractured\IMG0002458.jpg,1
C:\Users\ASUS\Desktop\dersler\Derinogrenme_proje5\FracAtlas\images\Non_fractured\IMG0004021.jpg,0
C:\Users\ASUS\Desktop\dersler\Derinogrenme_proje5\FracAtlas\images\Non_fractured\IMG0001379.jpg,0
C:\Users\ASUS\Desktop\dersler\Derinogrenme_proje5\FracAtlas\images\Non_fractured\IMG0000596.jpg,0
C:\Users\ASUS\Desktop\dersler\Derinogrenme_proje5\FracAtlas\images\Non_fractured\IMG0001140.jpg,0
C:\Users\ASUS\Desktop\dersler\Derinogrenme_proje5\FracAtlas\images\Non_fractured\IMG0001018.jpg,0
C:\Users\ASUS\Desktop\dersler\Derinogrenme_proje5\FracAtlas\images\Non_fractured\IMG0003655.jpg,0
C:\Users\ASUS\Desktop\dersler\Derinogrenme_proje5\FracAtlas\images\Non_fractured\IMG0002828.jpg,0
C:\Users\ASUS\Desktop\dersler\Derinogrenme_proje5\FracAtlas\images\Non_fractured\IMG0003507.jpg,0
C:\Users\ASUS\Desktop\dersler\Derinogrenme_proje5\FracAtlas\images\Non_fractured\IMG0002787.jpg,0
C:\Users\ASUS\Desktop\dersler\Derinogrenme_proje5\FracAtlas\images\Fractured\IMG0002353.jpg,1
C:\Users\ASUS\Desktop\dersler\Derinogrenme_proje5\FracAtlas\images\Non_fractured\IMG0003097.jpg,0
C:\Users\ASUS\Desktop\dersler\Derinogrenme_proje5\FracAtlas\images\Non_fractured\IMG0001178.jpg,0
C:\Users\ASUS\Desktop\dersler\Derinogrenme_proje5\FracAtlas\images\Fractured\IMG0002651.jpg,1
C:\Users\ASUS\Desktop\dersler\Derinogrenme_proje5\FracAtlas\images\Non_fractured\IMG0002944.jpg,0
C:\Users\ASUS\Desktop\dersler\Derinogrenme_proje5\FracAtlas\images\Non_fractured\IMG0002806.jpg,0
C:\Users\ASUS\Desktop\dersler\Derinogrenme_proje5\FracAtlas\images\Non_fractured\IMG0000835.jpg,0
C:\Users\ASUS\Desktop\dersler\Derinogrenme_proje5\FracAtlas\images\Non_fractured\IMG0002778.jpg,0
C:\Users\ASUS\Desktop\dersler\Derinogrenme_proje5\FracAtlas\images\Non_fractured\IMG0000108.jpg,0
C:\Users\ASUS\Desktop\dersler\Derinogrenme_proje5\FracAtlas\images\Non_fractured\IMG0000760.jpg,0
C:\Users\ASUS\Desktop\dersler\Derinogrenme_proje5\FracAtlas\images\Non_fractured\IMG0000327.jpg,0
C:\Users\ASUS\Desktop\dersler\Derinogrenme_proje5\FracAtlas\images\Non_fractured\IMG0003023.jpg,0
C:\Users\ASUS\Desktop\dersler\Derinogrenme_proje5\FracAtlas\images\Fractured\IMG0002604.jpg,1
C:\Users\ASUS\Desktop\dersler\Derinogrenme_proje5\FracAtlas\images\Non_fractured\IMG0000457.jpg,0
C:\Users\ASUS\Desktop\dersler\Derinogrenme_proje5\FracAtlas\images\Non_fractured\IMG0001634.jpg,0
C:\Users\ASUS\Desktop\dersler\Derinogrenme_proje5\FracAtlas\images\Non_fractured\IMG0003441.jpg,0
C:\Users\ASUS\Desktop\dersler\Derinogrenme_proje5\FracAtlas\images\Non_fractured\IMG0004142.jpg,0
C:\Users\ASUS\Desktop\dersler\Derinogrenme_proje5\FracAtlas\images\Non_fractured\IMG0003492.jpg,0
C:\Users\ASUS\Desktop\dersler\Derinogrenme_proje5\FracAtlas\images\Non_fractured\IMG0000386.jpg,0
C:\Users\ASUS\Desktop\dersler\Derinogrenme_proje5\FracAtlas\images\Non_fractured\IMG0001453.jpg,0
C:\Users\ASUS\Desktop\dersler\Derinogrenme_proje5\FracAtlas\images\Non_fractured\IMG0000029.jpg,0
C:\Users\ASUS\Desktop\dersler\Derinogrenme_proje5\FracAtlas\images\Fractured\IMG0001198.jpg,1
C:\Users\ASUS\Desktop\dersler\Derinogrenme_proje5\FracAtlas\images\Non_fractured\IMG0003552.jpg,0
C:\Users\ASUS\Desktop\dersler\Derinogrenme_proje5\FracAtlas\images\Non_fractured\IMG0001803.jpg,0
C:\Users\ASUS\Desktop\dersler\Derinogrenme_proje5\FracAtlas\images\Non_fractured\IMG0000140.jpg,0
C:\Users\ASUS\Desktop\dersler\Derinogrenme_proje5\FracAtlas\images\Non_fractured\IMG0001175.jpg,0
C:\Users\ASUS\Desktop\dersler\Derinogrenme_proje5\FracAtlas\images\Non_fractured\IMG0001898.jpg,0
C:\Users\ASUS\Desktop\dersler\Derinogrenme_proje5\FracAtlas\images\Non_fractured\IMG0003561.jpg,0
C:\Users\ASUS\Desktop\dersler\Derinogrenme_proje5\FracAtlas\images\Non_fractured\IMG0001228.jpg,0
C:\Users\ASUS\Desktop\dersler\Derinogrenme_proje5\FracAtlas\images\Non_fractured\IMG0002183.jpg,0
C:\Users\ASUS\Desktop\dersler\Derinogrenme_proje5\FracAtlas\images\Non_fractured\IMG0003345.jpg,0
C:\Users\ASUS\Desktop\dersler\Derinogrenme_proje5\FracAtlas\images\Non_fractured\IMG0002824.jpg,0
C:\Users\ASUS\Desktop\dersler\Derinogrenme_proje5\FracAtlas\images\Non_fractured\IMG0000824.jpg,0
C:\Users\ASUS\Desktop\dersler\Derinogrenme_proje5\FracAtlas\images\Non_fractured\IMG0002725.jpg,0
C:\Users\ASUS\Desktop\dersler\Derinogrenme_proje5\FracAtlas\images\Non_fractured\IMG0000077.jpg,0
C:\Users\ASUS\Desktop\dersler\Derinogrenme_proje5\FracAtlas\images\Fractured\IMG0002336.jpg,1
C:\Users\ASUS\Desktop\dersler\Derinogrenme_proje5\FracAtlas\images\Non_fractured\IMG0001501.jpg,0
C:\Users\ASUS\Desktop\dersler\Derinogrenme_proje5\FracAtlas\images\Non_fractured\IMG0000652.jpg,0
C:\Users\ASUS\Desktop\dersler\Derinogrenme_proje5\FracAtlas\images\Fractured\IMG0002533.jpg,1
C:\Users\ASUS\Desktop\dersler\Derinogrenme_proje5\FracAtlas\images\Non_fractured\IMG0000818.jpg,0
C:\Users\ASUS\Desktop\dersler\Derinogrenme_proje5\FracAtlas\images\Non_fractured\IMG0002665.jpg,0
C:\Users\ASUS\Desktop\dersler\Derinogrenme_proje5\FracAtlas\images\Non_fractured\IMG0003084.jpg,0
C:\Users\ASUS\Desktop\dersler\Derinogrenme_proje5\FracAtlas\images\Non_fractured\IMG0000895.jpg,0
C:\Users\ASUS\Desktop\dersler\Derinogrenme_proje5\FracAtlas\images\Fractured\IMG0002265.jpg,1
C:\Users\ASUS\Desktop\dersler\Derinogrenme_proje5\FracAtlas\images\Non_fractured\IMG0001224.jpg,0
C:\Users\ASUS\Desktop\dersler\Derinogrenme_proje5\FracAtlas\images\Non_fractured\IMG0001184.jpg,0
C:\Users\ASUS\Desktop\dersler\Derinogrenme_proje5\FracAtlas\images\Non_fractured\IMG0001037.jpg,0
C:\Users\ASUS\Desktop\dersler\Derinogrenme_proje5\FracAtlas\images\Non_fractured\IMG0001681.jpg,0
C:\Users\ASUS\Desktop\dersler\Derinogrenme_proje5\FracAtlas\images\Non_fractured\IMG0000212.jpg,0
C:\Users\ASUS\Desktop\dersler\Derinogrenme_proje5\FracAtlas\images\Non_fractured\IMG0000296.jpg,0
C:\Users\ASUS\Desktop\dersler\Derinogrenme_proje5\FracAtlas\images\Non_fractured\IMG0000334.jpg,0
C:\Users\ASUS\Desktop\dersler\Derinogrenme_proje5\FracAtlas\images\Non_fractured\IMG0000725.jpg,0
C:\Users\ASUS\Desktop\dersler\Derinogrenme_proje5\FracAtlas\images\Non_fractured\IMG0003566.jpg,0
C:\Users\ASUS\Desktop\dersler\Derinogrenme_proje5\FracAtlas\images\Non_fractured\IMG0001695.jpg,0
C:\Users\ASUS\Desktop\dersler\Derinogrenme_proje5\FracAtlas\images\Non_fractured\IMG0003295.jpg,0
C:\Users\ASUS\Desktop\dersler\Derinogrenme_proje5\FracAtlas\images\Fractured\IMG0002501.jpg,1
C:\Users\ASUS\Desktop\dersler\Derinogrenme_proje5\FracAtlas\images\Non_fractured\IMG0000102.jpg,0
C:\Users\ASUS\Desktop\dersler\Derinogrenme_proje5\FracAtlas\images\Fractured\IMG0002387.jpg,1
C:\Users\ASUS\Desktop\dersler\Derinogrenme_proje5\FracAtlas\images\Non_fractured\IMG0001101.jpg,0
C:\Users\ASUS\Desktop\dersler\Derinogrenme_proje5\FracAtlas\images\Non_fractured\IMG0002874.jpg,0
C:\Users\ASUS\Desktop\dersler\Derinogrenme_proje5\FracAtlas\images\Non_fractured\IMG0001717.jpg,0
C:\Users\ASUS\Desktop\dersler\Derinogrenme_proje5\FracAtlas\images\Non_fractured\IMG0004296.jpg,0
C:\Users\ASUS\Desktop\dersler\Derinogrenme_proje5\FracAtlas\images\Non_fractured\IMG0000299.jpg,0
C:\Users\ASUS\Desktop\dersler\Derinogrenme_proje5\FracAtlas\images\Non_fractured\IMG0002956.jpg,0
C:\Users\ASUS\Desktop\dersler\Derinogrenme_proje5\FracAtlas\images\Non_fractured\IMG0003639.jpg,0
C:\Users\ASUS\Desktop\dersler\Derinogrenme_proje5\FracAtlas\images\Non_fractured\IMG0002623.jpg,0
C:\Users\ASUS\Desktop\dersler\Derinogrenme_proje5\FracAtlas\images\Non_fractured\IMG0000682.jpg,0
C:\Users\ASUS\Desktop\dersler\Derinogrenme_proje5\FracAtlas\images\Non_fractured\IMG0001524.jpg,0
C:\Users\ASUS\Desktop\dersler\Derinogrenme_proje5\FracAtlas\images\Non_fractured\IMG0001206.jpg,0
C:\Users\ASUS\Desktop\dersler\Derinogrenme_proje5\FracAtlas\images\Fractured\IMG0002398.jpg,1
C:\Users\ASUS\Desktop\dersler\Derinogrenme_proje5\FracAtlas\images\Fractured\IMG0002021.jpg,1
C:\Users\ASUS\Desktop\dersler\Derinogrenme_proje5\FracAtlas\images\Non_fractured\IMG0003290.jpg,0
C:\Users\ASUS\Desktop\dersler\Derinogrenme_proje5\FracAtlas\images\Non_fractured\IMG0000194.jpg,0
C:\Users\ASUS\Desktop\dersler\Derinogrenme_proje5\FracAtlas\images\Non_fractured\IMG0000477.jpg,0
C:\Users\ASUS\Desktop\dersler\Derinogrenme_proje5\FracAtlas\images\Non_fractured\IMG0001712.jpg,0
C:\Users\ASUS\Desktop\dersler\Derinogrenme_proje5\FracAtlas\images\Non_fractured\IMG0002125.jpg,0
C:\Users\ASUS\Desktop\dersler\Derinogrenme_proje5\FracAtlas\images\Non_fractured\IMG0003754.jpg,0
C:\Users\ASUS\Desktop\dersler\Derinogrenme_proje5\FracAtlas\images\Non_fractured\IMG0001409.jpg,0
C:\Users\ASUS\Desktop\dersler\Derinogrenme_proje5\FracAtlas\images\Non_fractured\IMG0001210.jpg,0
C:\Users\ASUS\Desktop\dersler\Derinogrenme_proje5\FracAtlas\images\Non_fractured\IMG0002906.jpg,0
C:\Users\ASUS\Desktop\dersler\Derinogrenme_proje5\FracAtlas\images\Non_fractured\IMG0000970.jpg,0
C:\Users\ASUS\Desktop\dersler\Derinogrenme_proje5\FracAtlas\images\Non_fractured\IMG0001122.jpg,0
C:\Users\ASUS\Desktop\dersler\Derinogrenme_proje5\FracAtlas\images\Fractured\IMG0003130.jpg,1
C:\Users\ASUS\Desktop\dersler\Derinogrenme_proje5\FracAtlas\images\Fractured\IMG0002324.jpg,1
C:\Users\ASUS\Desktop\dersler\Derinogrenme_proje5\FracAtlas\images\Fractured\IMG0000100.jpg,1
C:\Users\ASUS\Desktop\dersler\Derinogrenme_proje5\FracAtlas\images\Non_fractured\IMG0001669.jpg,0
C:\Users\ASUS\Desktop\dersler\Derinogrenme_proje5\FracAtlas\images\Non_fractured\IMG0000090.jpg,0
C:\Users\ASUS\Desktop\dersler\Derinogrenme_proje5\FracAtlas\images\Non_fractured\IMG0003064.jpg,0
C:\Users\ASUS\Desktop\dersler\Derinogrenme_proje5\FracAtlas\images\Non_fractured\IMG0002850.jpg,0
C:\Users\ASUS\Desktop\dersler\Derinogrenme_proje5\FracAtlas\images\Non_fractured\IMG0002676.jpg,0
C:\Users\ASUS\Desktop\dersler\Derinogrenme_proje5\FracAtlas\images\Non_fractured\IMG0002706.jpg,0
C:\Users\ASUS\Desktop\dersler\Derinogrenme_proje5\FracAtlas\images\Non_fractured\IMG0002241.jpg,0
C:\Users\ASUS\Desktop\dersler\Derinogrenme_proje5\FracAtlas\images\Non_fractured\IMG0003073.jpg,0
C:\Users\ASUS\Desktop\dersler\Derinogrenme_proje5\FracAtlas\images\Non_fractured\IMG0000483.jpg,0
C:\Users\ASUS\Desktop\dersler\Derinogrenme_proje5\FracAtlas\images\Non_fractured\IMG0003187.jpg,0
C:\Users\ASUS\Desktop\dersler\Derinogrenme_proje5\FracAtlas\images\Non_fractured\IMG0001374.jpg,0
C:\Users\ASUS\Desktop\dersler\Derinogrenme_proje5\FracAtlas\images\Non_fractured\IMG0000105.jpg,0
C:\Users\ASUS\Desktop\dersler\Derinogrenme_proje5\FracAtlas\images\Non_fractured\IMG0001662.jpg,0
C:\Users\ASUS\Desktop\dersler\Derinogrenme_proje5\FracAtlas\images\Fractured\IMG0002585.jpg,1
C:\Users\ASUS\Desktop\dersler\Derinogrenme_proje5\FracAtlas\images\Non_fractured\IMG0003551.jpg,0
C:\Users\ASUS\Desktop\dersler\Derinogrenme_proje5\FracAtlas\images\Non_fractured\IMG0001459.jpg,0
C:\Users\ASUS\Desktop\dersler\Derinogrenme_proje5\FracAtlas\images\Non_fractured\IMG0003275.jpg,0
C:\Users\ASUS\Desktop\dersler\Derinogrenme_proje5\FracAtlas\images\Non_fractured\IMG0001575.jpg,0
C:\Users\ASUS\Desktop\dersler\Derinogrenme_proje5\FracAtlas\images\Non_fractured\IMG0001545.jpg,0
C:\Users\ASUS\Desktop\dersler\Derinogrenme_proje5\FracAtlas\images\Non_fractured\IMG0001926.jpg,0
C:\Users\ASUS\Desktop\dersler\Derinogrenme_proje5\FracAtlas\images\Non_fractured\IMG0002821.jpg,0
C:\Users\ASUS\Desktop\dersler\Derinogrenme_proje5\FracAtlas\images\Fractured\IMG0002617.jpg,1
C:\Users\ASUS\Desktop\dersler\Derinogrenme_proje5\FracAtlas\images\Non_fractured\IMG0003248.jpg,0
C:\Users\ASUS\Desktop\dersler\Derinogrenme_proje5\FracAtlas\images\Fractured\IMG0002609.jpg,1
C:\Users\ASUS\Desktop\dersler\Derinogrenme_proje5\FracAtlas\images\Fractured\IMG0002526.jpg,1
C:\Users\ASUS\Desktop\dersler\Derinogrenme_proje5\FracAtlas\images\Non_fractured\IMG0000577.jpg,0
C:\Users\ASUS\Desktop\dersler\Derinogrenme_proje5\FracAtlas\images\Non_fractured\IMG0000787.jpg,0
C:\Users\ASUS\Desktop\dersler\Derinogrenme_proje5\FracAtlas\images\Non_fractured\IMG0001019.jpg,0
C:\Users\ASUS\Desktop\dersler\Derinogrenme_proje5\FracAtlas\images\Non_fractured\IMG0003876.jpg,0
C:\Users\ASUS\Desktop\dersler\Derinogrenme_proje5\FracAtlas\images\Non_fractured\IMG0001292.jpg,0
C:\Users\ASUS\Desktop\dersler\Derinogrenme_proje5\FracAtlas\images\Fractured\IMG0001026.jpg,1
C:\Users\ASUS\Desktop\dersler\Derinogrenme_proje5\FracAtlas\images\Non_fractured\IMG0002054.jpg,0
C:\Users\ASUS\Desktop\dersler\Derinogrenme_proje5\FracAtlas\images\Fractured\IMG0002311.jpg,1
C:\Users\ASUS\Desktop\dersler\Derinogrenme_proje5\FracAtlas\images\Non_fractured\IMG0000231.jpg,0
C:\Users\ASUS\Desktop\dersler\Derinogrenme_proje5\FracAtlas\images\Non_fractured\IMG0001003.jpg,0
C:\Users\ASUS\Desktop\dersler\Derinogrenme_proje5\FracAtlas\images\Non_fractured\IMG0000237.jpg,0
C:\Users\ASUS\Desktop\dersler\Derinogrenme_proje5\FracAtlas\images\Non_fractured\IMG0003261.jpg,0
C:\Users\ASUS\Desktop\dersler\Derinogrenme_proje5\FracAtlas\images\Fractured\IMG0002454.jpg,1
C:\Users\ASUS\Desktop\dersler\Derinogrenme_proje5\FracAtlas\images\Non_fractured\IMG0003676.jpg,0
C:\Users\ASUS\Desktop\dersler\Derinogrenme_proje5\FracAtlas\images\Non_fractured\IMG0002819.jpg,0
C:\Users\ASUS\Desktop\dersler\Derinogrenme_proje5\FracAtlas\images\Non_fractured\IMG0000202.jpg,0
C:\Users\ASUS\Desktop\dersler\Derinogrenme_proje5\FracAtlas\images\Fractured\IMG0002382.jpg,1
C:\Users\ASUS\Desktop\dersler\Derinogrenme_proje5\FracAtlas\images\Non_fractured\IMG0003941.jpg,0
C:\Users\ASUS\Desktop\dersler\Derinogrenme_proje5\FracAtlas\images\Non_fractured\IMG0002690.jpg,0
C:\Users\ASUS\Desktop\dersler\Derinogrenme_proje5\FracAtlas\images\Non_fractured\IMG0000786.jpg,0
C:\Users\ASUS\Desktop\dersler\Derinogrenme_proje5\FracAtlas\images\Fractured\IMG0002436.jpg,1
C:\Users\ASUS\Desktop\dersler\Derinogrenme_proje5\FracAtlas\images\Fractured\IMG0002464.jpg,1
C:\Users\ASUS\Desktop\dersler\Derinogrenme_proje5\FracAtlas\images\Non_fractured\IMG0003406.jpg,0
C:\Users\ASUS\Desktop\dersler\Derinogrenme_proje5\FracAtlas\images\Non_fractured\IMG0002785.jpg,0
C:\Users\ASUS\Desktop\dersler\Derinogrenme_proje5\FracAtlas\images\Non_fractured\IMG0000798.jpg,0
C:\Users\ASUS\Desktop\dersler\Derinogrenme_proje5\FracAtlas\images\Non_fractured\IMG0002091.jpg,0
C:\Users\ASUS\Desktop\dersler\Derinogrenme_proje5\FracAtlas\images\Non_fractured\IMG0002976.jpg,0
C:\Users\ASUS\Desktop\dersler\Derinogrenme_proje5\FracAtlas\images\Fractured\IMG0001738.jpg,1
C:\Users\ASUS\Desktop\dersler\Derinogrenme_proje5\FracAtlas\images\Non_fractured\IMG0004194.jpg,0
C:\Users\ASUS\Desktop\dersler\Derinogrenme_proje5\FracAtlas\images\Non_fractured\IMG0002260.jpg,0
C:\Users\ASUS\Desktop\dersler\Derinogrenme_proje5\FracAtlas\images\Non_fractured\IMG0000432.jpg,0
C:\Users\ASUS\Desktop\dersler\Derinogrenme_proje5\FracAtlas\images\Fractured\IMG0002499.jpg,1
C:\Users\ASUS\Desktop\dersler\Derinogrenme_proje5\FracAtlas\images\Non_fractured\IMG0001516.jpg,0
C:\Users\ASUS\Desktop\dersler\Derinogrenme_proje5\FracAtlas\images\Non_fractured\IMG0003282.jpg,0
C:\Users\ASUS\Desktop\dersler\Derinogrenme_proje5\FracAtlas\images\Non_fractured\IMG0003827.jpg,0
C:\Users\ASUS\Desktop\dersler\Derinogrenme_proje5\FracAtlas\images\Fractured\IMG0003844.jpg,1
C:\Users\ASUS\Desktop\dersler\Derinogrenme_proje5\FracAtlas\images\Non_fractured\IMG0003450.jpg,0
C:\Users\ASUS\Desktop\dersler\Derinogrenme_proje5\FracAtlas\images\Non_fractured\IMG0002816.jpg,0
C:\Users\ASUS\Desktop\dersler\Derinogrenme_proje5\FracAtlas\images\Non_fractured\IMG0002863.jpg,0
C:\Users\ASUS\Desktop\dersler\Derinogrenme_proje5\FracAtlas\images\Non_fractured\IMG0000654.jpg,0
C:\Users\ASUS\Desktop\dersler\Derinogrenme_proje5\FracAtlas\images\Non_fractured\IMG0001218.jpg,0
C:\Users\ASUS\Desktop\dersler\Derinogrenme_proje5\FracAtlas\images\Non_fractured\IMG0002964.jpg,0
C:\Users\ASUS\Desktop\dersler\Derinogrenme_proje5\FracAtlas\images\Non_fractured\IMG0002292.jpg,0
C:\Users\ASUS\Desktop\dersler\Derinogrenme_proje5\FracAtlas\images\Fractured\IMG0002375.jpg,1
C:\Users\ASUS\Desktop\dersler\Derinogrenme_proje5\FracAtlas\images\Non_fractured\IMG0000936.jpg,0
C:\Users\ASUS\Desktop\dersler\Derinogrenme_proje5\FracAtlas\images\Non_fractured\IMG0000961.jpg,0
C:\Users\ASUS\Desktop\dersler\Derinogrenme_proje5\FracAtlas\images\Non_fractured\IMG0000277.jpg,0
C:\Users\ASUS\Desktop\dersler\Derinogrenme_proje5\FracAtlas\images\Non_fractured\IMG0002141.jpg,0
C:\Users\ASUS\Desktop\dersler\Derinogrenme_proje5\FracAtlas\images\Non_fractured\IMG0001425.jpg,0
C:\Users\ASUS\Desktop\dersler\Derinogrenme_proje5\FracAtlas\images\Non_fractured\IMG0003825.jpg,0
C:\Users\ASUS\Desktop\dersler\Derinogrenme_proje5\FracAtlas\images\Fractured\IMG0003279.jpg,1
C:\Users\ASUS\Desktop\dersler\Derinogrenme_proje5\FracAtlas\images\Non_fractured\IMG0000644.jpg,0
C:\Users\ASUS\Desktop\dersler\Derinogrenme_proje5\FracAtlas\images\Fractured\IMG0003200.jpg,1
C:\Users\ASUS\Desktop\dersler\Derinogrenme_proje5\FracAtlas\images\Non_fractured\IMG0002688.jpg,0
C:\Users\ASUS\Desktop\dersler\Derinogrenme_proje5\FracAtlas\images\Non_fractured\IMG0003757.jpg,0
C:\Users\ASUS\Desktop\dersler\Derinogrenme_proje5\FracAtlas\images\Non_fractured\IMG0000152.jpg,0
C:\Users\ASUS\Desktop\dersler\Derinogrenme_proje5\FracAtlas\images\Non_fractured\IMG0001102.jpg,0
C:\Users\ASUS\Desktop\dersler\Derinogrenme_proje5\FracAtlas\images\Fractured\IMG0002415.jpg,1
C:\Users\ASUS\Desktop\dersler\Derinogrenme_proje5\FracAtlas\images\Fractured\IMG0002437.jpg,1
C:\Users\ASUS\Desktop\dersler\Derinogrenme_proje5\FracAtlas\images\Non_fractured\IMG0002808.jpg,0
C:\Users\ASUS\Desktop\dersler\Derinogrenme_proje5\FracAtlas\images\Non_fractured\IMG0001879.jpg,0
C:\Users\ASUS\Desktop\dersler\Derinogrenme_proje5\FracAtlas\images\Non_fractured\IMG0000815.jpg,0
C:\Users\ASUS\Desktop\dersler\Derinogrenme_proje5\FracAtlas\images\Non_fractured\IMG0001871.jpg,0
C:\Users\ASUS\Desktop\dersler\Derinogrenme_proje5\FracAtlas\images\Non_fractured\IMG0003163.jpg,0
C:\Users\ASUS\Desktop\dersler\Derinogrenme_proje5\FracAtlas\images\Non_fractured\IMG0004278.jpg,0
C:\Users\ASUS\Desktop\dersler\Derinogrenme_proje5\FracAtlas\images\Non_fractured\IMG0002735.jpg,0
C:\Users\ASUS\Desktop\dersler\Derinogrenme_proje5\FracAtlas\images\Non_fractured\IMG0000213.jpg,0
C:\Users\ASUS\Desktop\dersler\Derinogrenme_proje5\FracAtlas\images\Non_fractured\IMG0000411.jpg,0
C:\Users\ASUS\Desktop\dersler\Derinogrenme_proje5\FracAtlas\images\Fractured\IMG0002325.jpg,1
C:\Users\ASUS\Desktop\dersler\Derinogrenme_proje5\FracAtlas\images\Fractured\IMG0003943.jpg,1
C:\Users\ASUS\Desktop\dersler\Derinogrenme_proje5\FracAtlas\images\Non_fractured\IMG0003539.jpg,0
C:\Users\ASUS\Desktop\dersler\Derinogrenme_proje5\FracAtlas\images\Non_fractured\IMG0001887.jpg,0
C:\Users\ASUS\Desktop\dersler\Derinogrenme_proje5\FracAtlas\images\Non_fractured\IMG0001183.jpg,0
C:\Users\ASUS\Desktop\dersler\Derinogrenme_proje5\FracAtlas\images\Non_fractured\IMG0000496.jpg,0
C:\Users\ASUS\Desktop\dersler\Derinogrenme_proje5\FracAtlas\images\Non_fractured\IMG0003595.jpg,0
C:\Users\ASUS\Desktop\dersler\Derinogrenme_proje5\FracAtlas\images\Non_fractured\IMG0000876.jpg,0
C:\Users\ASUS\Desktop\dersler\Derinogrenme_proje5\FracAtlas\images\Non_fractured\IMG0003815.jpg,0
C:\Users\ASUS\Desktop\dersler\Derinogrenme_proje5\FracAtlas\images\Non_fractured\IMG0002788.jpg,0
C:\Users\ASUS\Desktop\dersler\Derinogrenme_proje5\FracAtlas\images\Non_fractured\IMG0000452.jpg,0
C:\Users\ASUS\Desktop\dersler\Derinogrenme_proje5\FracAtlas\images\Fractured\IMG0002578.jpg,1
C:\Users\ASUS\Desktop\dersler\Derinogrenme_proje5\FracAtlas\images\Fractured\IMG0002386.jpg,1
C:\Users\ASUS\Desktop\dersler\Derinogrenme_proje5\FracAtlas\images\Fractured\IMG0002491.jpg,1
C:\Users\ASUS\Desktop\dersler\Derinogrenme_proje5\FracAtlas\images\Non_fractured\IMG0003928.jpg,0
C:\Users\ASUS\Desktop\dersler\Derinogrenme_proje5\FracAtlas\images\Non_fractured\IMG0004265.jpg,0
C:\Users\ASUS\Desktop\dersler\Derinogrenme_proje5\FracAtlas\images\Non_fractured\IMG0001115.jpg,0
C:\Users\ASUS\Desktop\dersler\Derinogrenme_proje5\FracAtlas\images\Non_fractured\IMG0000275.jpg,0
C:\Users\ASUS\Desktop\dersler\Derinogrenme_proje5\FracAtlas\images\Fractured\IMG0002406.jpg,1
C:\Users\ASUS\Desktop\dersler\Derinogrenme_proje5\FracAtlas\images\Fractured\IMG0000467.jpg,1
C:\Users\ASUS\Desktop\dersler\Derinogrenme_proje5\FracAtlas\images\Non_fractured\IMG0002275.jpg,0
C:\Users\ASUS\Desktop\dersler\Derinogrenme_proje5\FracAtlas\images\Fractured\IMG0002418.jpg,1
C:\Users\ASUS\Desktop\dersler\Derinogrenme_proje5\FracAtlas\images\Non_fractured\IMG0000071.jpg,0
C:\Users\ASUS\Desktop\dersler\Derinogrenme_proje5\FracAtlas\images\Fractured\IMG0003020.jpg,1
C:\Users\ASUS\Desktop\dersler\Derinogrenme_proje5\FracAtlas\images\Fractured\IMG0002946.jpg,1
C:\Users\ASUS\Desktop\dersler\Derinogrenme_proje5\FracAtlas\images\Non_fractured\IMG0000641.jpg,0
C:\Users\ASUS\Desktop\dersler\Derinogrenme_proje5\FracAtlas\images\Non_fractured\IMG0000408.jpg,0
C:\Users\ASUS\Desktop\dersler\Derinogrenme_proje5\FracAtlas\images\Non_fractured\IMG0003047.jpg,0
C:\Users\ASUS\Desktop\dersler\Derinogrenme_proje5\FracAtlas\images\Non_fractured\IMG0000620.jpg,0
C:\Users\ASUS\Desktop\dersler\Derinogrenme_proje5\FracAtlas\images\Fractured\IMG0001351.jpg,1
C:\Users\ASUS\Desktop\dersler\Derinogrenme_proje5\FracAtlas\images\Non_fractured\IMG0000344.jpg,0
C:\Users\ASUS\Desktop\dersler\Derinogrenme_proje5\FracAtlas\images\Non_fractured\IMG0001268.jpg,0
C:\Users\ASUS\Desktop\dersler\Derinogrenme_proje5\FracAtlas\images\Non_fractured\IMG0000865.jpg,0
C:\Users\ASUS\Desktop\dersler\Derinogrenme_proje5\FracAtlas\images\Non_fractured\IMG0003624.jpg,0
C:\Users\ASUS\Desktop\dersler\Derinogrenme_proje5\FracAtlas\images\Non_fractured\IMG0000293.jpg,0
C:\Users\ASUS\Desktop\dersler\Derinogrenme_proje5\FracAtlas\images\Non_fractured\IMG0000949.jpg,0
C:\Users\ASUS\Desktop\dersler\Derinogrenme_proje5\FracAtlas\images\Non_fractured\IMG0001549.jpg,0
C:\Users\ASUS\Desktop\dersler\Derinogrenme_proje5\FracAtlas\images\Non_fractured\IMG0000222.jpg,0
C:\Users\ASUS\Desktop\dersler\Derinogrenme_proje5\FracAtlas\images\Non_fractured\IMG0000099.jpg,0
C:\Users\ASUS\Desktop\dersler\Derinogrenme_proje5\FracAtlas\images\Fractured\IMG0002586.jpg,1
C:\Users\ASUS\Desktop\dersler\Derinogrenme_proje5\FracAtlas\images\Non_fractured\IMG0003788.jpg,0
C:\Users\ASUS\Desktop\dersler\Derinogrenme_proje5\FracAtlas\images\Non_fractured\IMG0003241.jpg,0
C:\Users\ASUS\Desktop\dersler\Derinogrenme_proje5\FracAtlas\images\Fractured\IMG0002646.jpg,1
C:\Users\ASUS\Desktop\dersler\Derinogrenme_proje5\FracAtlas\images\Non_fractured\IMG0000114.jpg,0
C:\Users\ASUS\Desktop\dersler\Derinogrenme_proje5\FracAtlas\images\Non_fractured\IMG0003849.jpg,0
C:\Users\ASUS\Desktop\dersler\Derinogrenme_proje5\FracAtlas\images\Fractured\IMG0002506.jpg,1
C:\Users\ASUS\Desktop\dersler\Derinogrenme_proje5\FracAtlas\images\Non_fractured\IMG0001674.jpg,0
C:\Users\ASUS\Desktop\dersler\Derinogrenme_proje5\FracAtlas\images\Non_fractured\IMG0001297.jpg,0
C:\Users\ASUS\Desktop\dersler\Derinogrenme_proje5\FracAtlas\images\Non_fractured\IMG0000159.jpg,0
C:\Users\ASUS\Desktop\dersler\Derinogrenme_proje5\FracAtlas\images\Non_fractured\IMG0003763.jpg,0
C:\Users\ASUS\Desktop\dersler\Derinogrenme_proje5\FracAtlas\images\Non_fractured\IMG0000860.jpg,0
C:\Users\ASUS\Desktop\dersler\Derinogrenme_proje5\FracAtlas\images\Fractured\IMG0003892.jpg,1
C:\Users\ASUS\Desktop\dersler\Derinogrenme_proje5\FracAtlas\images\Non_fractured\IMG0000463.jpg,0
C:\Users\ASUS\Desktop\dersler\Derinogrenme_proje5\FracAtlas\images\Non_fractured\IMG0000320.jpg,0
C:\Users\ASUS\Desktop\dersler\Derinogrenme_proje5\FracAtlas\images\Non_fractured\IMG0001915.jpg,0
C:\Users\ASUS\Desktop\dersler\Derinogrenme_proje5\FracAtlas\images\Non_fractured\IMG0000390.jpg,0
C:\Users\ASUS\Desktop\dersler\Derinogrenme_proje5\FracAtlas\images\Non_fractured\IMG0000628.jpg,0
C:\Users\ASUS\Desktop\dersler\Derinogrenme_proje5\FracAtlas\images\Non_fractured\IMG0002171.jpg,0
C:\Users\ASUS\Desktop\dersler\Derinogrenme_proje5\FracAtlas\images\Non_fractured\IMG0000639.jpg,0
C:\Users\ASUS\Desktop\dersler\Derinogrenme_proje5\FracAtlas\images\Non_fractured\IMG0003226.jpg,0
C:\Users\ASUS\Desktop\dersler\Derinogrenme_proje5\FracAtlas\images\Non_fractured\IMG0000233.jpg,0
C:\Users\ASUS\Desktop\dersler\Derinogrenme_proje5\FracAtlas\images\Fractured\IMG0002833.jpg,1
C:\Users\ASUS\Desktop\dersler\Derinogrenme_proje5\FracAtlas\images\Non_fractured\IMG0001353.jpg,0
C:\Users\ASUS\Desktop\dersler\Derinogrenme_proje5\FracAtlas\images\Non_fractured\IMG0000722.jpg,0
C:\Users\ASUS\Desktop\dersler\Derinogrenme_proje5\FracAtlas\images\Fractured\IMG0002545.jpg,1
C:\Users\ASUS\Desktop\dersler\Derinogrenme_proje5\FracAtlas\images\Non_fractured\IMG0002799.jpg,0
C:\Users\ASUS\Desktop\dersler\Derinogrenme_proje5\FracAtlas\images\Non_fractured\IMG0002210.jpg,0
C:\Users\ASUS\Desktop\dersler\Derinogrenme_proje5\FracAtlas\images\Non_fractured\IMG0003369.jpg,0
C:\Users\ASUS\Desktop\dersler\Derinogrenme_proje5\FracAtlas\images\Non_fractured\IMG0003503.jpg,0
C:\Users\ASUS\Desktop\dersler\Derinogrenme_proje5\FracAtlas\images\Non_fractured\IMG0001522.jpg,0
C:\Users\ASUS\Desktop\dersler\Derinogrenme_proje5\FracAtlas\images\Non_fractured\IMG0000601.jpg,0
C:\Users\ASUS\Desktop\dersler\Derinogrenme_proje5\FracAtlas\images\Non_fractured\IMG0003392.jpg,0
C:\Users\ASUS\Desktop\dersler\Derinogrenme_proje5\FracAtlas\images\Fractured\IMG0002511.jpg,1
C:\Users\ASUS\Desktop\dersler\Derinogrenme_proje5\FracAtlas\images\Non_fractured\IMG0003783.jpg,0
C:\Users\ASUS\Desktop\dersler\Derinogrenme_proje5\FracAtlas\images\Non_fractured\IMG0002696.jpg,0
C:\Users\ASUS\Desktop\dersler\Derinogrenme_proje5\FracAtlas\images\Non_fractured\IMG0002158.jpg,0
C:\Users\ASUS\Desktop\dersler\Derinogrenme_proje5\FracAtlas\images\Non_fractured\IMG0003826.jpg,0
C:\Users\ASUS\Desktop\dersler\Derinogrenme_proje5\FracAtlas\images\Non_fractured\IMG0000368.jpg,0
C:\Users\ASUS\Desktop\dersler\Derinogrenme_proje5\FracAtlas\images\Non_fractured\IMG0001355.jpg,0
C:\Users\ASUS\Desktop\dersler\Derinogrenme_proje5\FracAtlas\images\Non_fractured\IMG0001488.jpg,0
C:\Users\ASUS\Desktop\dersler\Derinogrenme_proje5\FracAtlas\images\Fractured\IMG0003264.jpg,1
C:\Users\ASUS\Desktop\dersler\Derinogrenme_proje5\FracAtlas\images\Fractured\IMG0002598.jpg,1
C:\Users\ASUS\Desktop\dersler\Derinogrenme_proje5\FracAtlas\images\Non_fractured\IMG0001511.jpg,0
C:\Users\ASUS\Desktop\dersler\Derinogrenme_proje5\FracAtlas\images\Fractured\IMG0002376.jpg,1
C:\Users\ASUS\Desktop\dersler\Derinogrenme_proje5\FracAtlas\images\Non_fractured\IMG0003079.jpg,0
C:\Users\ASUS\Desktop\dersler\Derinogrenme_proje5\FracAtlas\images\Fractured\IMG0001366.jpg,1
C:\Users\ASUS\Desktop\dersler\Derinogrenme_proje5\FracAtlas\images\Non_fractured\IMG0001542.jpg,0
C:\Users\ASUS\Desktop\dersler\Derinogrenme_proje5\FracAtlas\images\Non_fractured\IMG0000437.jpg,0
C:\Users\ASUS\Desktop\dersler\Derinogrenme_proje5\FracAtlas\images\Non_fractured\IMG0001431.jpg,0
C:\Users\ASUS\Desktop\dersler\Derinogrenme_proje5\FracAtlas\images\Non_fractured\IMG0001863.jpg,0
C:\Users\ASUS\Desktop\dersler\Derinogrenme_proje5\FracAtlas\images\Non_fractured\IMG0001039.jpg,0
C:\Users\ASUS\Desktop\dersler\Derinogrenme_proje5\FracAtlas\images\Non_fractured\IMG0004179.jpg,0
C:\Users\ASUS\Desktop\dersler\Derinogrenme_proje5\FracAtlas\images\Fractured\IMG0002428.jpg,1
C:\Users\ASUS\Desktop\dersler\Derinogrenme_proje5\FracAtlas\images\Fractured\IMG0002534.jpg,1
C:\Users\ASUS\Desktop\dersler\Derinogrenme_proje5\FracAtlas\images\Non_fractured\IMG0002802.jpg,0
C:\Users\ASUS\Desktop\dersler\Derinogrenme_proje5\FracAtlas\images\Non_fractured\IMG0002014.jpg,0
C:\Users\ASUS\Desktop\dersler\Derinogrenme_proje5\FracAtlas\images\Fractured\IMG0004150.jpg,1
C:\Users\ASUS\Desktop\dersler\Derinogrenme_proje5\FracAtlas\images\Non_fractured\IMG0003702.jpg,0
C:\Users\ASUS\Desktop\dersler\Derinogrenme_proje5\FracAtlas\images\Fractured\IMG0000751.jpg,1
C:\Users\ASUS\Desktop\dersler\Derinogrenme_proje5\FracAtlas\images\Non_fractured\IMG0001982.jpg,0
C:\Users\ASUS\Desktop\dersler\Derinogrenme_proje5\FracAtlas\images\Non_fractured\IMG0002143.jpg,0
C:\Users\ASUS\Desktop\dersler\Derinogrenme_proje5\FracAtlas\images\Non_fractured\IMG0000375.jpg,0
C:\Users\ASUS\Desktop\dersler\Derinogrenme_proje5\FracAtlas\images\Non_fractured\IMG0003493.jpg,0
C:\Users\ASUS\Desktop\dersler\Derinogrenme_proje5\FracAtlas\images\Fractured\IMG0002361.jpg,1
C:\Users\ASUS\Desktop\dersler\Derinogrenme_proje5\FracAtlas\images\Non_fractured\IMG0000545.jpg,0
C:\Users\ASUS\Desktop\dersler\Derinogrenme_proje5\FracAtlas\images\Non_fractured\IMG0000423.jpg,0
C:\Users\ASUS\Desktop\dersler\Derinogrenme_proje5\FracAtlas\images\Non_fractured\IMG0002938.jpg,0
C:\Users\ASUS\Desktop\dersler\Derinogrenme_proje5\FracAtlas\images\Non_fractured\IMG0001775.jpg,0
C:\Users\ASUS\Desktop\dersler\Derinogrenme_proje5\FracAtlas\images\Fractured\IMG0002299.jpg,1
C:\Users\ASUS\Desktop\dersler\Derinogrenme_proje5\FracAtlas\images\Non_fractured\IMG0003760.jpg,0
C:\Users\ASUS\Desktop\dersler\Derinogrenme_proje5\FracAtlas\images\Non_fractured\IMG0002205.jpg,0
C:\Users\ASUS\Desktop\dersler\Derinogrenme_proje5\FracAtlas\images\Non_fractured\IMG0000451.jpg,0
C:\Users\ASUS\Desktop\dersler\Derinogrenme_proje5\FracAtlas\images\Fractured\IMG0001578.jpg,1
C:\Users\ASUS\Desktop\dersler\Derinogrenme_proje5\FracAtlas\images\Non_fractured\IMG0000385.jpg,0
C:\Users\ASUS\Desktop\dersler\Derinogrenme_proje5\FracAtlas\images\Non_fractured\IMG0000580.jpg,0
C:\Users\ASUS\Desktop\dersler\Derinogrenme_proje5\FracAtlas\images\Non_fractured\IMG0003346.jpg,0
C:\Users\ASUS\Desktop\dersler\Derinogrenme_proje5\FracAtlas\images\Non_fractured\IMG0001737.jpg,0
C:\Users\ASUS\Desktop\dersler\Derinogrenme_proje5\FracAtlas\images\Fractured\IMG0001199.jpg,1
C:\Users\ASUS\Desktop\dersler\Derinogrenme_proje5\FracAtlas\images\Non_fractured\IMG0000149.jpg,0
C:\Users\ASUS\Desktop\dersler\Derinogrenme_proje5\FracAtlas\images\Non_fractured\IMG0003376.jpg,0
C:\Users\ASUS\Desktop\dersler\Derinogrenme_proje5\FracAtlas\images\Non_fractured\IMG0000339.jpg,0
C:\Users\ASUS\Desktop\dersler\Derinogrenme_proje5\FracAtlas\images\Non_fractured\IMG0002201.jpg,0
C:\Users\ASUS\Desktop\dersler\Derinogrenme_proje5\FracAtlas\images\Non_fractured\IMG0001972.jpg,0
C:\Users\ASUS\Desktop\dersler\Derinogrenme_proje5\FracAtlas\images\Non_fractured\IMG0001356.jpg,0
C:\Users\ASUS\Desktop\dersler\Derinogrenme_proje5\FracAtlas\images\Fractured\IMG0002314.jpg,1
C:\Users\ASUS\Desktop\dersler\Derinogrenme_proje5\FracAtlas\images\Non_fractured\IMG0000963.jpg,0
C:\Users\ASUS\Desktop\dersler\Derinogrenme_proje5\FracAtlas\images\Fractured\IMG0002569.jpg,1
C:\Users\ASUS\Desktop\dersler\Derinogrenme_proje5\FracAtlas\images\Non_fractured\IMG0000919.jpg,0
C:\Users\ASUS\Desktop\dersler\Derinogrenme_proje5\FracAtlas\images\Non_fractured\IMG0001327.jpg,0
C:\Users\ASUS\Desktop\dersler\Derinogrenme_proje5\FracAtlas\images\Fractured\IMG0004356.jpg,1
C:\Users\ASUS\Desktop\dersler\Derinogrenme_proje5\FracAtlas\images\Non_fractured\IMG0001850.jpg,0
C:\Users\ASUS\Desktop\dersler\Derinogrenme_proje5\FracAtlas\images\Non_fractured\IMG0000768.jpg,0
C:\Users\ASUS\Desktop\dersler\Derinogrenme_proje5\FracAtlas\images\Fractured\IMG0002731.jpg,1
C:\Users\ASUS\Desktop\dersler\Derinogrenme_proje5\FracAtlas\images\Non_fractured\IMG0001830.jpg,0
C:\Users\ASUS\Desktop\dersler\Derinogrenme_proje5\FracAtlas\images\Non_fractured\IMG0003855.jpg,0
C:\Users\ASUS\Desktop\dersler\Derinogrenme_proje5\FracAtlas\images\Non_fractured\IMG0003126.jpg,0
C:\Users\ASUS\Desktop\dersler\Derinogrenme_proje5\FracAtlas\images\Non_fractured\IMG0000859.jpg,0
C:\Users\ASUS\Desktop\dersler\Derinogrenme_proje5\FracAtlas\images\Non_fractured\IMG0000311.jpg,0
C:\Users\ASUS\Desktop\dersler\Derinogrenme_proje5\FracAtlas\images\Fractured\IMG0001360.jpg,1
C:\Users\ASUS\Desktop\dersler\Derinogrenme_proje5\FracAtlas\images\Non_fractured\IMG0000831.jpg,0
C:\Users\ASUS\Desktop\dersler\Derinogrenme_proje5\FracAtlas\images\Non_fractured\IMG0000687.jpg,0
C:\Users\ASUS\Desktop\dersler\Derinogrenme_proje5\FracAtlas\images\Non_fractured\IMG0002001.jpg,0
C:\Users\ASUS\Desktop\dersler\Derinogrenme_proje5\FracAtlas\images\Fractured\IMG0002301.jpg,1
C:\Users\ASUS\Desktop\dersler\Derinogrenme_proje5\FracAtlas\images\Non_fractured\IMG0003227.jpg,0
C:\Users\ASUS\Desktop\dersler\Derinogrenme_proje5\FracAtlas\images\Non_fractured\IMG0001489.jpg,0
C:\Users\ASUS\Desktop\dersler\Derinogrenme_proje5\FracAtlas\images\Non_fractured\IMG0001847.jpg,0
C:\Users\ASUS\Desktop\dersler\Derinogrenme_proje5\FracAtlas\images\Non_fractured\IMG0000532.jpg,0
C:\Users\ASUS\Desktop\dersler\Derinogrenme_proje5\FracAtlas\images\Non_fractured\IMG0002040.jpg,0
C:\Users\ASUS\Desktop\dersler\Derinogrenme_proje5\FracAtlas\images\Non_fractured\IMG0003195.jpg,0
C:\Users\ASUS\Desktop\dersler\Derinogrenme_proje5\FracAtlas\images\Fractured\IMG0002148.jpg,1
C:\Users\ASUS\Desktop\dersler\Derinogrenme_proje5\FracAtlas\images\Non_fractured\IMG0002286.jpg,0
C:\Users\ASUS\Desktop\dersler\Derinogrenme_proje5\FracAtlas\images\Non_fractured\IMG0000817.jpg,0
C:\Users\ASUS\Desktop\dersler\Derinogrenme_proje5\FracAtlas\images\Non_fractured\IMG0002236.jpg,0
C:\Users\ASUS\Desktop\dersler\Derinogrenme_proje5\FracAtlas\images\Fractured\IMG0002338.jpg,1
C:\Users\ASUS\Desktop\dersler\Derinogrenme_proje5\FracAtlas\images\Non_fractured\IMG0002194.jpg,0
C:\Users\ASUS\Desktop\dersler\Derinogrenme_proje5\FracAtlas\images\Non_fractured\IMG0000883.jpg,0
C:\Users\ASUS\Desktop\dersler\Derinogrenme_proje5\FracAtlas\images\Non_fractured\IMG0004075.jpg,0
C:\Users\ASUS\Desktop\dersler\Derinogrenme_proje5\FracAtlas\images\Non_fractured\IMG0003547.jpg,0
C:\Users\ASUS\Desktop\dersler\Derinogrenme_proje5\FracAtlas\images\Non_fractured\IMG0000465.jpg,0
C:\Users\ASUS\Desktop\dersler\Derinogrenme_proje5\FracAtlas\images\Non_fractured\IMG0003715.jpg,0
C:\Users\ASUS\Desktop\dersler\Derinogrenme_proje5\FracAtlas\images\Non_fractured\IMG0001517.jpg,0
C:\Users\ASUS\Desktop\dersler\Derinogrenme_proje5\FracAtlas\images\Non_fractured\IMG0002908.jpg,0
C:\Users\ASUS\Desktop\dersler\Derinogrenme_proje5\FracAtlas\images\Non_fractured\IMG0001992.jpg,0
C:\Users\ASUS\Desktop\dersler\Derinogrenme_proje5\FracAtlas\images\Non_fractured\IMG0000714.jpg,0
C:\Users\ASUS\Desktop\dersler\Derinogrenme_proje5\FracAtlas\images\Non_fractured\IMG0002074.jpg,0
C:\Users\ASUS\Desktop\dersler\Derinogrenme_proje5\FracAtlas\images\Fractured\IMG0002384.jpg,1
C:\Users\ASUS\Desktop\dersler\Derinogrenme_proje5\FracAtlas\images\Non_fractured\IMG0003105.jpg,0
C:\Users\ASUS\Desktop\dersler\Derinogrenme_proje5\FracAtlas\images\Non_fractured\IMG0002972.jpg,0
C:\Users\ASUS\Desktop\dersler\Derinogrenme_proje5\FracAtlas\images\Fractured\IMG0003280.jpg,1
C:\Users\ASUS\Desktop\dersler\Derinogrenme_proje5\FracAtlas\images\Non_fractured\IMG0001811.jpg,0
C:\Users\ASUS\Desktop\dersler\Derinogrenme_proje5\FracAtlas\images\Non_fractured\IMG0001740.jpg,0
C:\Users\ASUS\Desktop\dersler\Derinogrenme_proje5\FracAtlas\images\Non_fractured\IMG0000439.jpg,0
C:\Users\ASUS\Desktop\dersler\Derinogrenme_proje5\FracAtlas\images\Non_fractured\IMG0000624.jpg,0
C:\Users\ASUS\Desktop\dersler\Derinogrenme_proje5\FracAtlas\images\Non_fractured\IMG0003106.jpg,0
C:\Users\ASUS\Desktop\dersler\Derinogrenme_proje5\FracAtlas\images\Non_fractured\IMG0003614.jpg,0
C:\Users\ASUS\Desktop\dersler\Derinogrenme_proje5\FracAtlas\images\Non_fractured\IMG0002789.jpg,0
C:\Users\ASUS\Desktop\dersler\Derinogrenme_proje5\FracAtlas\images\Non_fractured\IMG0000324.jpg,0
C:\Users\ASUS\Desktop\dersler\Derinogrenme_proje5\FracAtlas\images\Non_fractured\IMG0000518.jpg,0
C:\Users\ASUS\Desktop\dersler\Derinogrenme_proje5\FracAtlas\images\Non_fractured\IMG0003737.jpg,0
C:\Users\ASUS\Desktop\dersler\Derinogrenme_proje5\FracAtlas\images\Non_fractured\IMG0003302.jpg,0
C:\Users\ASUS\Desktop\dersler\Derinogrenme_proje5\FracAtlas\images\Fractured\IMG0002181.jpg,1
C:\Users\ASUS\Desktop\dersler\Derinogrenme_proje5\FracAtlas\images\Non_fractured\IMG0003189.jpg,0
C:\Users\ASUS\Desktop\dersler\Derinogrenme_proje5\FracAtlas\images\Non_fractured\IMG0000553.jpg,0
C:\Users\ASUS\Desktop\dersler\Derinogrenme_proje5\FracAtlas\images\Non_fractured\IMG0001782.jpg,0
C:\Users\ASUS\Desktop\dersler\Derinogrenme_proje5\FracAtlas\images\Non_fractured\IMG0000478.jpg,0
C:\Users\ASUS\Desktop\dersler\Derinogrenme_proje5\FracAtlas\images\Non_fractured\IMG0002756.jpg,0
C:\Users\ASUS\Desktop\dersler\Derinogrenme_proje5\FracAtlas\images\Fractured\IMG0002300.jpg,1
C:\Users\ASUS\Desktop\dersler\Derinogrenme_proje5\FracAtlas\images\Non_fractured\IMG0001022.jpg,0
C:\Users\ASUS\Desktop\dersler\Derinogrenme_proje5\FracAtlas\images\Non_fractured\IMG0003150.jpg,0
C:\Users\ASUS\Desktop\dersler\Derinogrenme_proje5\FracAtlas\images\Non_fractured\IMG0002283.jpg,0
C:\Users\ASUS\Desktop\dersler\Derinogrenme_proje5\FracAtlas\images\Non_fractured\IMG0001726.jpg,0
C:\Users\ASUS\Desktop\dersler\Derinogrenme_proje5\FracAtlas\images\Non_fractured\IMG0003739.jpg,0
C:\Users\ASUS\Desktop\dersler\Derinogrenme_proje5\FracAtlas\images\Fractured\IMG0000468.jpg,1
C:\Users\ASUS\Desktop\dersler\Derinogrenme_proje5\FracAtlas\images\Non_fractured\IMG0004286.jpg,0
C:\Users\ASUS\Desktop\dersler\Derinogrenme_proje5\FracAtlas\images\Fractured\IMG0002607.jpg,1
C:\Users\ASUS\Desktop\dersler\Derinogrenme_proje5\FracAtlas\images\Non_fractured\IMG0001733.jpg,0
C:\Users\ASUS\Desktop\dersler\Derinogrenme_proje5\FracAtlas\images\Non_fractured\IMG0000825.jpg,0
C:\Users\ASUS\Desktop\dersler\Derinogrenme_proje5\FracAtlas\images\Non_fractured\IMG0000973.jpg,0
C:\Users\ASUS\Desktop\dersler\Derinogrenme_proje5\FracAtlas\images\Non_fractured\IMG0000081.jpg,0
C:\Users\ASUS\Desktop\dersler\Derinogrenme_proje5\FracAtlas\images\Non_fractured\IMG0001269.jpg,0
C:\Users\ASUS\Desktop\dersler\Derinogrenme_proje5\FracAtlas\images\Fractured\IMG0002414.jpg,1
C:\Users\ASUS\Desktop\dersler\Derinogrenme_proje5\FracAtlas\images\Non_fractured\IMG0001246.jpg,0
C:\Users\ASUS\Desktop\dersler\Derinogrenme_proje5\FracAtlas\images\Non_fractured\IMG0002152.jpg,0
C:\Users\ASUS\Desktop\dersler\Derinogrenme_proje5\FracAtlas\images\Non_fractured\IMG0001530.jpg,0
C:\Users\ASUS\Desktop\dersler\Derinogrenme_proje5\FracAtlas\images\Non_fractured\IMG0002982.jpg,0
C:\Users\ASUS\Desktop\dersler\Derinogrenme_proje5\FracAtlas\images\Non_fractured\IMG0000511.jpg,0
C:\Users\ASUS\Desktop\dersler\Derinogrenme_proje5\FracAtlas\images\Non_fractured\IMG0000898.jpg,0
C:\Users\ASUS\Desktop\dersler\Derinogrenme_proje5\FracAtlas\images\Fractured\IMG0003569.jpg,1
C:\Users\ASUS\Desktop\dersler\Derinogrenme_proje5\FracAtlas\images\Non_fractured\IMG0002108.jpg,0
C:\Users\ASUS\Desktop\dersler\Derinogrenme_proje5\FracAtlas\images\Non_fractured\IMG0002080.jpg,0
C:\Users\ASUS\Desktop\dersler\Derinogrenme_proje5\FracAtlas\images\Non_fractured\IMG0001936.jpg,0
C:\Users\ASUS\Desktop\dersler\Derinogrenme_proje5\FracAtlas\images\Non_fractured\IMG0001658.jpg,0
C:\Users\ASUS\Desktop\dersler\Derinogrenme_proje5\FracAtlas\images\Non_fractured\IMG0000366.jpg,0
C:\Users\ASUS\Desktop\dersler\Derinogrenme_proje5\FracAtlas\images\Fractured\IMG0002614.jpg,1
C:\Users\ASUS\Desktop\dersler\Derinogrenme_proje5\FracAtlas\images\Fractured\IMG0002399.jpg,1
C:\Users\ASUS\Desktop\dersler\Derinogrenme_proje5\FracAtlas\images\Non_fractured\IMG0001368.jpg,0
C:\Users\ASUS\Desktop\dersler\Derinogrenme_proje5\FracAtlas\images\Non_fractured\IMG0002197.jpg,0
C:\Users\ASUS\Desktop\dersler\Derinogrenme_proje5\FracAtlas\images\Non_fractured\IMG0003181.jpg,0
C:\Users\ASUS\Desktop\dersler\Derinogrenme_proje5\FracAtlas\images\Non_fractured\IMG0003053.jpg,0
C:\Users\ASUS\Desktop\dersler\Derinogrenme_proje5\FracAtlas\images\Non_fractured\IMG0001438.jpg,0
C:\Users\ASUS\Desktop\dersler\Derinogrenme_proje5\FracAtlas\images\Non_fractured\IMG0003691.jpg,0
C:\Users\ASUS\Desktop\dersler\Derinogrenme_proje5\FracAtlas\images\Non_fractured\IMG0002251.jpg,0
C:\Users\ASUS\Desktop\dersler\Derinogrenme_proje5\FracAtlas\images\Non_fractured\IMG0003031.jpg,0
C:\Users\ASUS\Desktop\dersler\Derinogrenme_proje5\FracAtlas\images\Non_fractured\IMG0000047.jpg,0
C:\Users\ASUS\Desktop\dersler\Derinogrenme_proje5\FracAtlas\images\Non_fractured\IMG0000147.jpg,0
C:\Users\ASUS\Desktop\dersler\Derinogrenme_proje5\FracAtlas\images\Non_fractured\IMG0000450.jpg,0
C:\Users\ASUS\Desktop\dersler\Derinogrenme_proje5\FracAtlas\images\Non_fractured\IMG0000098.jpg,0
C:\Users\ASUS\Desktop\dersler\Derinogrenme_proje5\FracAtlas\images\Fractured\IMG0003797.jpg,1
C:\Users\ASUS\Desktop\dersler\Derinogrenme_proje5\FracAtlas\images\Non_fractured\IMG0000681.jpg,0
C:\Users\ASUS\Desktop\dersler\Derinogrenme_proje5\FracAtlas\images\Non_fractured\IMG0002995.jpg,0
C:\Users\ASUS\Desktop\dersler\Derinogrenme_proje5\FracAtlas\images\Fractured\IMG0003132.jpg,1
C:\Users\ASUS\Desktop\dersler\Derinogrenme_proje5\FracAtlas\images\Non_fractured\IMG0003506.jpg,0
C:\Users\ASUS\Desktop\dersler\Derinogrenme_proje5\FracAtlas\images\Non_fractured\IMG0002178.jpg,0
C:\Users\ASUS\Desktop\dersler\Derinogrenme_proje5\FracAtlas\images\Non_fractured\IMG0000438.jpg,0
C:\Users\ASUS\Desktop\dersler\Derinogrenme_proje5\FracAtlas\images\Non_fractured\IMG0000732.jpg,0
C:\Users\ASUS\Desktop\dersler\Derinogrenme_proje5\FracAtlas\images\Non_fractured\IMG0003372.jpg,0
C:\Users\ASUS\Desktop\dersler\Derinogrenme_proje5\FracAtlas\images\Fractured\IMG0002524.jpg,1
C:\Users\ASUS\Desktop\dersler\Derinogrenme_proje5\FracAtlas\images\Non_fractured\IMG0003153.jpg,0
C:\Users\ASUS\Desktop\dersler\Derinogrenme_proje5\FracAtlas\images\Non_fractured\IMG0002056.jpg,0
C:\Users\ASUS\Desktop\dersler\Derinogrenme_proje5\FracAtlas\images\Fractured\IMG0004369.jpg,1
C:\Users\ASUS\Desktop\dersler\Derinogrenme_proje5\FracAtlas\images\Non_fractured\IMG0003929.jpg,0
C:\Users\ASUS\Desktop\dersler\Derinogrenme_proje5\FracAtlas\images\Non_fractured\IMG0000476.jpg,0
C:\Users\ASUS\Desktop\dersler\Derinogrenme_proje5\FracAtlas\images\Fractured\IMG0002595.jpg,1
C:\Users\ASUS\Desktop\dersler\Derinogrenme_proje5\FracAtlas\images\Non_fractured\IMG0002220.jpg,0
C:\Users\ASUS\Desktop\dersler\Derinogrenme_proje5\FracAtlas\images\Non_fractured\IMG0002187.jpg,0
C:\Users\ASUS\Desktop\dersler\Derinogrenme_proje5\FracAtlas\images\Non_fractured\IMG0001626.jpg,0
C:\Users\ASUS\Desktop\dersler\Derinogrenme_proje5\FracAtlas\images\Non_fractured\IMG0003637.jpg,0
C:\Users\ASUS\Desktop\dersler\Derinogrenme_proje5\FracAtlas\images\Non_fractured\IMG0001273.jpg,0
C:\Users\ASUS\Desktop\dersler\Derinogrenme_proje5\FracAtlas\images\Non_fractured\IMG0003746.jpg,0
C:\Users\ASUS\Desktop\dersler\Derinogrenme_proje5\FracAtlas\images\Fractured\IMG0002620.jpg,1
C:\Users\ASUS\Desktop\dersler\Derinogrenme_proje5\FracAtlas\images\Non_fractured\IMG0001407.jpg,0
C:\Users\ASUS\Desktop\dersler\Derinogrenme_proje5\FracAtlas\images\Fractured\IMG0003183.jpg,1
C:\Users\ASUS\Desktop\dersler\Derinogrenme_proje5\FracAtlas\images\Non_fractured\IMG0000726.jpg,0
C:\Users\ASUS\Desktop\dersler\Derinogrenme_proje5\FracAtlas\images\Fractured\IMG0002577.jpg,1
C:\Users\ASUS\Desktop\dersler\Derinogrenme_proje5\FracAtlas\images\Non_fractured\IMG0001082.jpg,0
C:\Users\ASUS\Desktop\dersler\Derinogrenme_proje5\FracAtlas\images\Non_fractured\IMG0000340.jpg,0
C:\Users\ASUS\Desktop\dersler\Derinogrenme_proje5\FracAtlas\images\Non_fractured\IMG0003119.jpg,0
C:\Users\ASUS\Desktop\dersler\Derinogrenme_proje5\FracAtlas\images\Non_fractured\IMG0003531.jpg,0
C:\Users\ASUS\Desktop\dersler\Derinogrenme_proje5\FracAtlas\images\Non_fractured\IMG0000068.jpg,0
C:\Users\ASUS\Desktop\dersler\Derinogrenme_proje5\FracAtlas\images\Fractured\IMG0003234.jpg,1
C:\Users\ASUS\Desktop\dersler\Derinogrenme_proje5\FracAtlas\images\Non_fractured\IMG0003596.jpg,0
C:\Users\ASUS\Desktop\dersler\Derinogrenme_proje5\FracAtlas\images\Fractured\IMG0003199.jpg,1
C:\Users\ASUS\Desktop\dersler\Derinogrenme_proje5\FracAtlas\images\Non_fractured\IMG0003387.jpg,0
C:\Users\ASUS\Desktop\dersler\Derinogrenme_proje5\FracAtlas\images\Non_fractured\IMG0002873.jpg,0
C:\Users\ASUS\Desktop\dersler\Derinogrenme_proje5\FracAtlas\images\Non_fractured\IMG0002273.jpg,0
C:\Users\ASUS\Desktop\dersler\Derinogrenme_proje5\FracAtlas\images\Non_fractured\IMG0003650.jpg,0
C:\Users\ASUS\Desktop\dersler\Derinogrenme_proje5\FracAtlas\images\Non_fractured\IMG0000578.jpg,0
C:\Users\ASUS\Desktop\dersler\Derinogrenme_proje5\FracAtlas\images\Non_fractured\IMG0000955.jpg,0
C:\Users\ASUS\Desktop\dersler\Derinogrenme_proje5\FracAtlas\images\Fractured\IMG0002401.jpg,1
C:\Users\ASUS\Desktop\dersler\Derinogrenme_proje5\FracAtlas\images\Fractured\IMG0003341.jpg,1
C:\Users\ASUS\Desktop\dersler\Derinogrenme_proje5\FracAtlas\images\Non_fractured\IMG0002884.jpg,0
C:\Users\ASUS\Desktop\dersler\Derinogrenme_proje5\FracAtlas\images\Non_fractured\IMG0002882.jpg,0
C:\Users\ASUS\Desktop\dersler\Derinogrenme_proje5\FracAtlas\images\Non_fractured\IMG0002973.jpg,0
C:\Users\ASUS\Desktop\dersler\Derinogrenme_proje5\FracAtlas\images\Non_fractured\IMG0004029.jpg,0
C:\Users\ASUS\Desktop\dersler\Derinogrenme_proje5\FracAtlas\images\Non_fractured\IMG0002913.jpg,0
C:\Users\ASUS\Desktop\dersler\Derinogrenme_proje5\FracAtlas\images\Non_fractured\IMG0001165.jpg,0
C:\Users\ASUS\Desktop\dersler\Derinogrenme_proje5\FracAtlas\images\Fractured\IMG0003628.jpg,1
C:\Users\ASUS\Desktop\dersler\Derinogrenme_proje5\FracAtlas\images\Non_fractured\IMG0002926.jpg,0
C:\Users\ASUS\Desktop\dersler\Derinogrenme_proje5\FracAtlas\images\Fractured\IMG0001380.jpg,1
C:\Users\ASUS\Desktop\dersler\Derinogrenme_proje5\FracAtlas\images\Non_fractured\IMG0000978.jpg,0
C:\Users\ASUS\Desktop\dersler\Derinogrenme_proje5\FracAtlas\images\Non_fractured\IMG0001113.jpg,0
C:\Users\ASUS\Desktop\dersler\Derinogrenme_proje5\FracAtlas\images\Non_fractured\IMG0001820.jpg,0
C:\Users\ASUS\Desktop\dersler\Derinogrenme_proje5\FracAtlas\images\Non_fractured\IMG0001526.jpg,0
C:\Users\ASUS\Desktop\dersler\Derinogrenme_proje5\FracAtlas\images\Non_fractured\IMG0000153.jpg,0
C:\Users\ASUS\Desktop\dersler\Derinogrenme_proje5\FracAtlas\images\Non_fractured\IMG0001469.jpg,0
C:\Users\ASUS\Desktop\dersler\Derinogrenme_proje5\FracAtlas\images\Non_fractured\IMG0000868.jpg,0
C:\Users\ASUS\Desktop\dersler\Derinogrenme_proje5\FracAtlas\images\Non_fractured\IMG0003832.jpg,0
C:\Users\ASUS\Desktop\dersler\Derinogrenme_proje5\FracAtlas\images\Non_fractured\IMG0001126.jpg,0
C:\Users\ASUS\Desktop\dersler\Derinogrenme_proje5\FracAtlas\images\Non_fractured\IMG0003690.jpg,0
C:\Users\ASUS\Desktop\dersler\Derinogrenme_proje5\FracAtlas\images\Non_fractured\IMG0004011.jpg,0
C:\Users\ASUS\Desktop\dersler\Derinogrenme_proje5\FracAtlas\images\Non_fractured\IMG0002644.jpg,0
C:\Users\ASUS\Desktop\dersler\Derinogrenme_proje5\FracAtlas\images\Non_fractured\IMG0003019.jpg,0
C:\Users\ASUS\Desktop\dersler\Derinogrenme_proje5\FracAtlas\images\Non_fractured\IMG0003768.jpg,0
C:\Users\ASUS\Desktop\dersler\Derinogrenme_proje5\FracAtlas\images\Non_fractured\IMG0001691.jpg,0
C:\Users\ASUS\Desktop\dersler\Derinogrenme_proje5\FracAtlas\images\Non_fractured\IMG0003663.jpg,0
C:\Users\ASUS\Desktop\dersler\Derinogrenme_proje5\FracAtlas\images\Non_fractured\IMG0001150.jpg,0
C:\Users\ASUS\Desktop\dersler\Derinogrenme_proje5\FracAtlas\images\Fractured\IMG0002393.jpg,1
C:\Users\ASUS\Desktop\dersler\Derinogrenme_proje5\FracAtlas\images\Non_fractured\IMG0001791.jpg,0
C:\Users\ASUS\Desktop\dersler\Derinogrenme_proje5\FracAtlas\images\Non_fractured\IMG0000853.jpg,0
C:\Users\ASUS\Desktop\dersler\Derinogrenme_proje5\FracAtlas\images\Non_fractured\IMG0004302.jpg,0
C:\Users\ASUS\Desktop\dersler\Derinogrenme_proje5\FracAtlas\images\Non_fractured\IMG0002866.jpg,0
C:\Users\ASUS\Desktop\dersler\Derinogrenme_proje5\FracAtlas\images\Non_fractured\IMG0000078.jpg,0
C:\Users\ASUS\Desktop\dersler\Derinogrenme_proje5\FracAtlas\images\Non_fractured\IMG0003805.jpg,0
C:\Users\ASUS\Desktop\dersler\Derinogrenme_proje5\FracAtlas\images\Non_fractured\IMG0000867.jpg,0
C:\Users\ASUS\Desktop\dersler\Derinogrenme_proje5\FracAtlas\images\Non_fractured\IMG0001529.jpg,0
C:\Users\ASUS\Desktop\dersler\Derinogrenme_proje5\FracAtlas\images\Fractured\IMG0002433.jpg,1
C:\Users\ASUS\Desktop\dersler\Derinogrenme_proje5\FracAtlas\images\Non_fractured\IMG0000550.jpg,0
C:\Users\ASUS\Desktop\dersler\Derinogrenme_proje5\FracAtlas\images\Non_fractured\IMG0004307.jpg,0
C:\Users\ASUS\Desktop\dersler\Derinogrenme_proje5\FracAtlas\images\Non_fractured\IMG0002223.jpg,0
C:\Users\ASUS\Desktop\dersler\Derinogrenme_proje5\FracAtlas\images\Non_fractured\IMG0001281.jpg,0
C:\Users\ASUS\Desktop\dersler\Derinogrenme_proje5\FracAtlas\images\Non_fractured\IMG0003436.jpg,0
C:\Users\ASUS\Desktop\dersler\Derinogrenme_proje5\FracAtlas\images\Fractured\IMG0002603.jpg,1
C:\Users\ASUS\Desktop\dersler\Derinogrenme_proje5\FracAtlas\images\Non_fractured\IMG0002892.jpg,0
C:\Users\ASUS\Desktop\dersler\Derinogrenme_proje5\FracAtlas\images\Non_fractured\IMG0001746.jpg,0
C:\Users\ASUS\Desktop\dersler\Derinogrenme_proje5\FracAtlas\images\Fractured\IMG0002738.jpg,1
