{
  "model4_svm": {
    "accuracy": 0.9401,
    "macro_f1": 0.9401183417257346
  },
  "model4_rf": {
    "accuracy": 0.9396,
    "macro_f1": 0.9397086559389622
  },
  "model5_cnn": {
    "accuracy": 0.9408,
    "macro_f1": 0.9408325036562333
  }
}