{
  "model_name": "Model 1 - LeNet5Base",
  "dataset": "MNIST",
  "epochs": 10,
  "batch_size": 128,
  "learning_rate": 0.001,
  "optimizer": "Adam",
  "criterion": "CrossEntropyLoss",
  "device": "NVIDIA GeForce RTX 5070 Ti Laptop GPU",
  "seed": 42,
  "num_parameters": 61706,
  "train_loss_per_epoch": [
    0.34702826364835104,
    0.08211697907249133,
    0.05693646502991517,
    0.046772756747404734,
    0.03780812913825114,
    0.03139162765269478,
    0.026728554279357195,
    0.02499689467685918,
    0.0204449525590986,
    0.01838521409574896
  ],
  "train_acc_per_epoch": [
    89.62833333333333,
    97.415,
    98.195,
    98.545,
    98.79166666666667,
    98.98333333333333,
    99.15166666666667,
    99.17666666666666,
    99.30833333333334,
    99.38166666666666
  ],
  "test_loss_per_epoch": [
    0.10769570557773113,
    0.0519099912814796,
    0.04759570675082505,
    0.040906699065119026,
    0.03528953718282282,
    0.033511300903279334,
    0.04131797140859999,
    0.0304001258516917,
    0.03472309920717962,
    0.03654638663197402
  ],
  "test_acc_per_epoch": [
    96.61,
    98.18,
    98.45,
    98.58,
    98.78,
    98.87,
    98.57,
    98.91,
    98.9,
    98.8
  ],
  "final_test_loss": 0.03654638663197402,
  "final_test_accuracy": 98.8,
  "best_test_accuracy": 98.91,
  "training_time_seconds": 910.9707510471344
}