{
  "model_name": "Model 2 - LeNet5Improved (BN+Dropout)",
  "dataset": "MNIST",
  "epochs": 10,
  "batch_size": 128,
  "learning_rate": 0.001,
  "optimizer": "Adam",
  "criterion": "CrossEntropyLoss",
  "device": "NVIDIA GeForce RTX 5070 Ti Laptop GPU",
  "seed": 42,
  "num_parameters": 61990,
  "additions_over_model1": [
    "BatchNorm2d after each Conv2d",
    "Dropout(p=0.5) before each FC"
  ],
  "train_loss_per_epoch": [
    0.3742382314125697,
    0.11587537048657735,
    0.09315749378800392,
    0.0798799369474252,
    0.06898985319932302,
    0.06390942428012689,
    0.05748225237429142,
    0.05340134042402109,
    0.05032175789674123,
    0.049884472662210466
  ],
  "train_acc_per_epoch": [
    89.63166666666666,
    96.79833333333333,
    97.53833333333333,
    97.715,
    98.13166666666666,
    98.25333333333333,
    98.44166666666666,
    98.54166666666667,
    98.55666666666667,
    98.6
  ],
  "test_loss_per_epoch": [
    0.07231495732888579,
    0.04801820491016842,
    0.043250162706850094,
    0.03756697095758282,
    0.035670259030442686,
    0.03464597648493946,
    0.03150794802065648,
    0.03641199269697536,
    0.03762721527426038,
    0.027260003667679847
  ],
  "test_acc_per_epoch": [
    97.63,
    98.42,
    98.67,
    98.75,
    98.81,
    98.91,
    99.06,
    98.87,
    98.91,
    99.15
  ],
  "final_test_loss": 0.027260003667679847,
  "final_test_accuracy": 99.15,
  "best_test_accuracy": 99.15,
  "training_time_seconds": 28.068334102630615
}